[2026-08-20 13:23:03] local.ERROR: SQLSTATE[42S01]: Base table or view already exists: 1050 Table 'wallet_ledger' already exists (Connection: mysql, Host: 127.0.0.1, Port: 3306, Database: finpay, SQL: create table `wallet_ledger` (`id` bigint unsigned not null auto_increment primary key, `vendor_id` bigint unsigned not null, `wallet_id` bigint unsigned not null, `type` enum('credit', 'debit') not null, `amount` decimal(18, 2) not null, `balance_before` decimal(18, 2) not null, `balance_after` decimal(18, 2) not null, `reference` varchar(255) null, `description` varchar(255) null, `source` varchar(255) not null default 'manual', `sourceable_type` varchar(255) null, `sourceable_id` bigint unsigned null, `created_at` timestamp null, `updated_at` timestamp null) default character set utf8mb4 collate 'utf8mb4_unicode_ci') {"exception":"[object] (Illuminate\\Database\\QueryException(code: 42S01): SQLSTATE[42S01]: Base table or view already exists: 1050 Table 'wallet_ledger' already exists (Connection: mysql, Host: 127.0.0.1, Port: 3306, Database: finpay, SQL: create table `wallet_ledger` (`id` bigint unsigned not null auto_increment primary key, `vendor_id` bigint unsigned not null, `wallet_id` bigint unsigned not null, `type` enum('credit', 'debit') not null, `amount` decimal(18, 2) not null, `balance_before` decimal(18, 2) not null, `balance_after` decimal(18, 2) not null, `reference` varchar(255) null, `description` varchar(255) null, `source` varchar(255) not null default 'manual', `sourceable_type` varchar(255) null, `sourceable_id` bigint unsigned null, `created_at` timestamp null, `updated_at` timestamp null) default character set utf8mb4 collate 'utf8mb4_unicode_ci') at /home/sandeep/Documents/finpay/vendor/laravel/framework/src/Illuminate/Database/Connection.php:838)
[stacktrace]
#0 /home/sandeep/Documents/finpay/vendor/laravel/framework/src/Illuminate/Database/Connection.php(794): Illuminate\\Database\\Connection->runQueryCallback()
#1 /home/sandeep/Documents/finpay/vendor/laravel/framework/src/Illuminate/Database/Connection.php(573): Illuminate\\Database\\Connection->run()
#2 /home/sandeep/Documents/finpay/vendor/laravel/framework/src/Illuminate/Database/Schema/Blueprint.php(121): Illuminate\\Database\\Connection->statement()
#3 /home/sandeep/Documents/finpay/vendor/laravel/framework/src/Illuminate/Database/Schema/Builder.php(686): Illuminate\\Database\\Schema\\Blueprint->build()
#4 /home/sandeep/Documents/finpay/vendor/laravel/framework/src/Illuminate/Database/Schema/Builder.php(506): Illuminate\\Database\\Schema\\Builder->build()
#5 /home/sandeep/Documents/finpay/vendor/laravel/framework/src/Illuminate/Support/Facades/Facade.php(363): Illuminate\\Database\\Schema\\Builder->create()
#6 /home/sandeep/Documents/finpay/database/migrations/2026_08_19_000004_create_wallet_ledger_table.php(8): Illuminate\\Support\\Facades\\Facade::__callStatic()
#7 /home/sandeep/Documents/finpay/vendor/laravel/framework/src/Illuminate/Database/Migrations/Migrator.php(517): Illuminate\\Database\\Migrations\\Migration@anonymous->up()
#8 /home/sandeep/Documents/finpay/vendor/laravel/framework/src/Illuminate/Database/Migrations/Migrator.php(442): Illuminate\\Database\\Migrations\\Migrator->runMethod()
#9 /home/sandeep/Documents/finpay/vendor/laravel/framework/src/Illuminate/Database/Migrations/Migrator.php(451): Illuminate\\Database\\Migrations\\Migrator->Illuminate\\Database\\Migrations\\{closure}()
#10 /home/sandeep/Documents/finpay/vendor/laravel/framework/src/Illuminate/Database/Migrations/Migrator.php(253): Illuminate\\Database\\Migrations\\Migrator->runMigration()
#11 /home/sandeep/Documents/finpay/vendor/laravel/framework/src/Illuminate/Console/View/Components/Task.php(41): Illuminate\\Database\\Migrations\\Migrator->Illuminate\\Database\\Migrations\\{closure}()
#12 /home/sandeep/Documents/finpay/vendor/laravel/framework/src/Illuminate/Database/Migrations/Migrator.php(814): Illuminate\\Console\\View\\Components\\Task->render()
#13 /home/sandeep/Documents/finpay/vendor/laravel/framework/src/Illuminate/Database/Migrations/Migrator.php(253): Illuminate\\Database\\Migrations\\Migrator->write()
#14 /home/sandeep/Documents/finpay/vendor/laravel/framework/src/Illuminate/Database/Migrations/Migrator.php(211): Illuminate\\Database\\Migrations\\Migrator->runUp()
#15 /home/sandeep/Documents/finpay/vendor/laravel/framework/src/Illuminate/Database/Migrations/Migrator.php(138): Illuminate\\Database\\Migrations\\Migrator->runPending()
#16 /home/sandeep/Documents/finpay/vendor/laravel/framework/src/Illuminate/Database/Console/Migrations/MigrateCommand.php(116): Illuminate\\Database\\Migrations\\Migrator->run()
#17 /home/sandeep/Documents/finpay/vendor/laravel/framework/src/Illuminate/Database/Migrations/Migrator.php(671): Illuminate\\Database\\Console\\Migrations\\MigrateCommand->Illuminate\\Database\\Console\\Migrations\\{closure}()
#18 /home/sandeep/Documents/finpay/vendor/laravel/framework/src/Illuminate/Database/Console/Migrations/MigrateCommand.php(109): Illuminate\\Database\\Migrations\\Migrator->usingConnection()
#19 /home/sandeep/Documents/finpay/vendor/laravel/framework/src/Illuminate/Database/Console/Migrations/MigrateCommand.php(88): Illuminate\\Database\\Console\\Migrations\\MigrateCommand->runMigrations()
#20 /home/sandeep/Documents/finpay/vendor/laravel/framework/src/Illuminate/Container/BoundMethod.php(36): Illuminate\\Database\\Console\\Migrations\\MigrateCommand->handle()
#21 /home/sandeep/Documents/finpay/vendor/laravel/framework/src/Illuminate/Container/Util.php(43): Illuminate\\Container\\BoundMethod::Illuminate\\Container\\{closure}()
#22 /home/sandeep/Documents/finpay/vendor/laravel/framework/src/Illuminate/Container/BoundMethod.php(96): Illuminate\\Container\\Util::unwrapIfClosure()
#23 /home/sandeep/Documents/finpay/vendor/laravel/framework/src/Illuminate/Container/BoundMethod.php(35): Illuminate\\Container\\BoundMethod::callBoundMethod()
#24 /home/sandeep/Documents/finpay/vendor/laravel/framework/src/Illuminate/Container/Container.php(799): Illuminate\\Container\\BoundMethod::call()
#25 /home/sandeep/Documents/finpay/vendor/laravel/framework/src/Illuminate/Console/Command.php(211): Illuminate\\Container\\Container->call()
#26 /home/sandeep/Documents/finpay/vendor/symfony/console/Command/Command.php(341): Illuminate\\Console\\Command->execute()
#27 /home/sandeep/Documents/finpay/vendor/laravel/framework/src/Illuminate/Console/Command.php(180): Symfony\\Component\\Console\\Command\\Command->run()
#28 /home/sandeep/Documents/finpay/vendor/symfony/console/Application.php(1117): Illuminate\\Console\\Command->run()
#29 /home/sandeep/Documents/finpay/vendor/symfony/console/Application.php(356): Symfony\\Component\\Console\\Application->doRunCommand()
#30 /home/sandeep/Documents/finpay/vendor/symfony/console/Application.php(195): Symfony\\Component\\Console\\Application->doRun()
#31 /home/sandeep/Documents/finpay/vendor/laravel/framework/src/Illuminate/Foundation/Console/Kernel.php(198): Symfony\\Component\\Console\\Application->run()
#32 /home/sandeep/Documents/finpay/artisan(14): Illuminate\\Foundation\\Console\\Kernel->handle()
#33 {main}

[previous exception] [object] (PDOException(code: 42S01): SQLSTATE[42S01]: Base table or view already exists: 1050 Table 'wallet_ledger' already exists at /home/sandeep/Documents/finpay/vendor/laravel/framework/src/Illuminate/Database/Connection.php:584)
[stacktrace]
#0 /home/sandeep/Documents/finpay/vendor/laravel/framework/src/Illuminate/Database/Connection.php(584): PDOStatement->execute()
#1 /home/sandeep/Documents/finpay/vendor/laravel/framework/src/Illuminate/Database/Connection.php(827): Illuminate\\Database\\Connection->Illuminate\\Database\\{closure}()
#2 /home/sandeep/Documents/finpay/vendor/laravel/framework/src/Illuminate/Database/Connection.php(794): Illuminate\\Database\\Connection->runQueryCallback()
#3 /home/sandeep/Documents/finpay/vendor/laravel/framework/src/Illuminate/Database/Connection.php(573): Illuminate\\Database\\Connection->run()
#4 /home/sandeep/Documents/finpay/vendor/laravel/framework/src/Illuminate/Database/Schema/Blueprint.php(121): Illuminate\\Database\\Connection->statement()
#5 /home/sandeep/Documents/finpay/vendor/laravel/framework/src/Illuminate/Database/Schema/Builder.php(686): Illuminate\\Database\\Schema\\Blueprint->build()
#6 /home/sandeep/Documents/finpay/vendor/laravel/framework/src/Illuminate/Database/Schema/Builder.php(506): Illuminate\\Database\\Schema\\Builder->build()
#7 /home/sandeep/Documents/finpay/vendor/laravel/framework/src/Illuminate/Support/Facades/Facade.php(363): Illuminate\\Database\\Schema\\Builder->create()
#8 /home/sandeep/Documents/finpay/database/migrations/2026_08_19_000004_create_wallet_ledger_table.php(8): Illuminate\\Support\\Facades\\Facade::__callStatic()
#9 /home/sandeep/Documents/finpay/vendor/laravel/framework/src/Illuminate/Database/Migrations/Migrator.php(517): Illuminate\\Database\\Migrations\\Migration@anonymous->up()
#10 /home/sandeep/Documents/finpay/vendor/laravel/framework/src/Illuminate/Database/Migrations/Migrator.php(442): Illuminate\\Database\\Migrations\\Migrator->runMethod()
#11 /home/sandeep/Documents/finpay/vendor/laravel/framework/src/Illuminate/Database/Migrations/Migrator.php(451): Illuminate\\Database\\Migrations\\Migrator->Illuminate\\Database\\Migrations\\{closure}()
#12 /home/sandeep/Documents/finpay/vendor/laravel/framework/src/Illuminate/Database/Migrations/Migrator.php(253): Illuminate\\Database\\Migrations\\Migrator->runMigration()
#13 /home/sandeep/Documents/finpay/vendor/laravel/framework/src/Illuminate/Console/View/Components/Task.php(41): Illuminate\\Database\\Migrations\\Migrator->Illuminate\\Database\\Migrations\\{closure}()
#14 /home/sandeep/Documents/finpay/vendor/laravel/framework/src/Illuminate/Database/Migrations/Migrator.php(814): Illuminate\\Console\\View\\Components\\Task->render()
#15 /home/sandeep/Documents/finpay/vendor/laravel/framework/src/Illuminate/Database/Migrations/Migrator.php(253): Illuminate\\Database\\Migrations\\Migrator->write()
#16 /home/sandeep/Documents/finpay/vendor/laravel/framework/src/Illuminate/Database/Migrations/Migrator.php(211): Illuminate\\Database\\Migrations\\Migrator->runUp()
#17 /home/sandeep/Documents/finpay/vendor/laravel/framework/src/Illuminate/Database/Migrations/Migrator.php(138): Illuminate\\Database\\Migrations\\Migrator->runPending()
#18 /home/sandeep/Documents/finpay/vendor/laravel/framework/src/Illuminate/Database/Console/Migrations/MigrateCommand.php(116): Illuminate\\Database\\Migrations\\Migrator->run()
#19 /home/sandeep/Documents/finpay/vendor/laravel/framework/src/Illuminate/Database/Migrations/Migrator.php(671): Illuminate\\Database\\Console\\Migrations\\MigrateCommand->Illuminate\\Database\\Console\\Migrations\\{closure}()
#20 /home/sandeep/Documents/finpay/vendor/laravel/framework/src/Illuminate/Database/Console/Migrations/MigrateCommand.php(109): Illuminate\\Database\\Migrations\\Migrator->usingConnection()
#21 /home/sandeep/Documents/finpay/vendor/laravel/framework/src/Illuminate/Database/Console/Migrations/MigrateCommand.php(88): Illuminate\\Database\\Console\\Migrations\\MigrateCommand->runMigrations()
#22 /home/sandeep/Documents/finpay/vendor/laravel/framework/src/Illuminate/Container/BoundMethod.php(36): Illuminate\\Database\\Console\\Migrations\\MigrateCommand->handle()
#23 /home/sandeep/Documents/finpay/vendor/laravel/framework/src/Illuminate/Container/Util.php(43): Illuminate\\Container\\BoundMethod::Illuminate\\Container\\{closure}()
#24 /home/sandeep/Documents/finpay/vendor/laravel/framework/src/Illuminate/Container/BoundMethod.php(96): Illuminate\\Container\\Util::unwrapIfClosure()
#25 /home/sandeep/Documents/finpay/vendor/laravel/framework/src/Illuminate/Container/BoundMethod.php(35): Illuminate\\Container\\BoundMethod::callBoundMethod()
#26 /home/sandeep/Documents/finpay/vendor/laravel/framework/src/Illuminate/Container/Container.php(799): Illuminate\\Container\\BoundMethod::call()
#27 /home/sandeep/Documents/finpay/vendor/laravel/framework/src/Illuminate/Console/Command.php(211): Illuminate\\Container\\Container->call()
#28 /home/sandeep/Documents/finpay/vendor/symfony/console/Command/Command.php(341): Illuminate\\Console\\Command->execute()
#29 /home/sandeep/Documents/finpay/vendor/laravel/framework/src/Illuminate/Console/Command.php(180): Symfony\\Component\\Console\\Command\\Command->run()
#30 /home/sandeep/Documents/finpay/vendor/symfony/console/Application.php(1117): Illuminate\\Console\\Command->run()
#31 /home/sandeep/Documents/finpay/vendor/symfony/console/Application.php(356): Symfony\\Component\\Console\\Application->doRunCommand()
#32 /home/sandeep/Documents/finpay/vendor/symfony/console/Application.php(195): Symfony\\Component\\Console\\Application->doRun()
#33 /home/sandeep/Documents/finpay/vendor/laravel/framework/src/Illuminate/Foundation/Console/Kernel.php(198): Symfony\\Component\\Console\\Application->run()
#34 /home/sandeep/Documents/finpay/artisan(14): Illuminate\\Foundation\\Console\\Kernel->handle()
#35 {main}
"} 
[2026-08-20 13:23:03] local.ERROR: Symfony\Component\Console\Application::renderThrowable(): Argument #2 ($output) must be of type Symfony\Component\Console\Output\OutputInterface, null given, called in /home/sandeep/Documents/finpay/vendor/laravel/framework/src/Illuminate/Foundation/Exceptions/Handler.php on line 1059 {"exception":"[object] (TypeError(code: 0): Symfony\\Component\\Console\\Application::renderThrowable(): Argument #2 ($output) must be of type Symfony\\Component\\Console\\Output\\OutputInterface, null given, called in /home/sandeep/Documents/finpay/vendor/laravel/framework/src/Illuminate/Foundation/Exceptions/Handler.php on line 1059 at /home/sandeep/Documents/finpay/vendor/symfony/console/Application.php:890)
[stacktrace]
#0 /home/sandeep/Documents/finpay/vendor/laravel/framework/src/Illuminate/Foundation/Exceptions/Handler.php(1059): Symfony\\Component\\Console\\Application->renderThrowable()
#1 /home/sandeep/Documents/finpay/vendor/laravel/framework/src/Illuminate/Foundation/Console/Kernel.php(653): Illuminate\\Foundation\\Exceptions\\Handler->renderForConsole()
#2 /home/sandeep/Documents/finpay/vendor/laravel/framework/src/Illuminate/Foundation/Console/Kernel.php(202): Illuminate\\Foundation\\Console\\Kernel->renderException()
#3 /home/sandeep/Documents/finpay/artisan(14): Illuminate\\Foundation\\Console\\Kernel->handle()
#4 {main}
"} 
[2026-08-20 13:23:39] local.ERROR: SQLSTATE[42S01]: Base table or view already exists: 1050 Table 'settlements' already exists (Connection: mysql, Host: 127.0.0.1, Port: 3306, Database: finpay, SQL: create table `settlements` (`id` bigint unsigned not null auto_increment primary key, `vendor_id` bigint unsigned not null, `reference` varchar(255) not null, `amount` decimal(18, 2) not null, `fee` decimal(18, 2) not null default '0', `net_amount` decimal(18, 2) not null, `status` enum('pending', 'processing', 'completed', 'failed') not null default 'pending', `bank_name` varchar(255) null, `account_number` varchar(255) null, `ifsc_code` varchar(255) null, `remarks` text null, `settled_at` timestamp null, `created_at` timestamp null, `updated_at` timestamp null) default character set utf8mb4 collate 'utf8mb4_unicode_ci') {"exception":"[object] (Illuminate\\Database\\QueryException(code: 42S01): SQLSTATE[42S01]: Base table or view already exists: 1050 Table 'settlements' already exists (Connection: mysql, Host: 127.0.0.1, Port: 3306, Database: finpay, SQL: create table `settlements` (`id` bigint unsigned not null auto_increment primary key, `vendor_id` bigint unsigned not null, `reference` varchar(255) not null, `amount` decimal(18, 2) not null, `fee` decimal(18, 2) not null default '0', `net_amount` decimal(18, 2) not null, `status` enum('pending', 'processing', 'completed', 'failed') not null default 'pending', `bank_name` varchar(255) null, `account_number` varchar(255) null, `ifsc_code` varchar(255) null, `remarks` text null, `settled_at` timestamp null, `created_at` timestamp null, `updated_at` timestamp null) default character set utf8mb4 collate 'utf8mb4_unicode_ci') at /home/sandeep/Documents/finpay/vendor/laravel/framework/src/Illuminate/Database/Connection.php:838)
[stacktrace]
#0 /home/sandeep/Documents/finpay/vendor/laravel/framework/src/Illuminate/Database/Connection.php(794): Illuminate\\Database\\Connection->runQueryCallback()
#1 /home/sandeep/Documents/finpay/vendor/laravel/framework/src/Illuminate/Database/Connection.php(573): Illuminate\\Database\\Connection->run()
#2 /home/sandeep/Documents/finpay/vendor/laravel/framework/src/Illuminate/Database/Schema/Blueprint.php(121): Illuminate\\Database\\Connection->statement()
#3 /home/sandeep/Documents/finpay/vendor/laravel/framework/src/Illuminate/Database/Schema/Builder.php(686): Illuminate\\Database\\Schema\\Blueprint->build()
#4 /home/sandeep/Documents/finpay/vendor/laravel/framework/src/Illuminate/Database/Schema/Builder.php(506): Illuminate\\Database\\Schema\\Builder->build()
#5 /home/sandeep/Documents/finpay/vendor/laravel/framework/src/Illuminate/Support/Facades/Facade.php(363): Illuminate\\Database\\Schema\\Builder->create()
#6 /home/sandeep/Documents/finpay/database/migrations/2026_08_19_000005_create_settlements_table.php(8): Illuminate\\Support\\Facades\\Facade::__callStatic()
#7 /home/sandeep/Documents/finpay/vendor/laravel/framework/src/Illuminate/Database/Migrations/Migrator.php(517): Illuminate\\Database\\Migrations\\Migration@anonymous->up()
#8 /home/sandeep/Documents/finpay/vendor/laravel/framework/src/Illuminate/Database/Migrations/Migrator.php(442): Illuminate\\Database\\Migrations\\Migrator->runMethod()
#9 /home/sandeep/Documents/finpay/vendor/laravel/framework/src/Illuminate/Database/Migrations/Migrator.php(451): Illuminate\\Database\\Migrations\\Migrator->Illuminate\\Database\\Migrations\\{closure}()
#10 /home/sandeep/Documents/finpay/vendor/laravel/framework/src/Illuminate/Database/Migrations/Migrator.php(253): Illuminate\\Database\\Migrations\\Migrator->runMigration()
#11 /home/sandeep/Documents/finpay/vendor/laravel/framework/src/Illuminate/Console/View/Components/Task.php(41): Illuminate\\Database\\Migrations\\Migrator->Illuminate\\Database\\Migrations\\{closure}()
#12 /home/sandeep/Documents/finpay/vendor/laravel/framework/src/Illuminate/Database/Migrations/Migrator.php(814): Illuminate\\Console\\View\\Components\\Task->render()
#13 /home/sandeep/Documents/finpay/vendor/laravel/framework/src/Illuminate/Database/Migrations/Migrator.php(253): Illuminate\\Database\\Migrations\\Migrator->write()
#14 /home/sandeep/Documents/finpay/vendor/laravel/framework/src/Illuminate/Database/Migrations/Migrator.php(211): Illuminate\\Database\\Migrations\\Migrator->runUp()
#15 /home/sandeep/Documents/finpay/vendor/laravel/framework/src/Illuminate/Database/Migrations/Migrator.php(138): Illuminate\\Database\\Migrations\\Migrator->runPending()
#16 /home/sandeep/Documents/finpay/vendor/laravel/framework/src/Illuminate/Database/Console/Migrations/MigrateCommand.php(116): Illuminate\\Database\\Migrations\\Migrator->run()
#17 /home/sandeep/Documents/finpay/vendor/laravel/framework/src/Illuminate/Database/Migrations/Migrator.php(671): Illuminate\\Database\\Console\\Migrations\\MigrateCommand->Illuminate\\Database\\Console\\Migrations\\{closure}()
#18 /home/sandeep/Documents/finpay/vendor/laravel/framework/src/Illuminate/Database/Console/Migrations/MigrateCommand.php(109): Illuminate\\Database\\Migrations\\Migrator->usingConnection()
#19 /home/sandeep/Documents/finpay/vendor/laravel/framework/src/Illuminate/Database/Console/Migrations/MigrateCommand.php(88): Illuminate\\Database\\Console\\Migrations\\MigrateCommand->runMigrations()
#20 /home/sandeep/Documents/finpay/vendor/laravel/framework/src/Illuminate/Container/BoundMethod.php(36): Illuminate\\Database\\Console\\Migrations\\MigrateCommand->handle()
#21 /home/sandeep/Documents/finpay/vendor/laravel/framework/src/Illuminate/Container/Util.php(43): Illuminate\\Container\\BoundMethod::Illuminate\\Container\\{closure}()
#22 /home/sandeep/Documents/finpay/vendor/laravel/framework/src/Illuminate/Container/BoundMethod.php(96): Illuminate\\Container\\Util::unwrapIfClosure()
#23 /home/sandeep/Documents/finpay/vendor/laravel/framework/src/Illuminate/Container/BoundMethod.php(35): Illuminate\\Container\\BoundMethod::callBoundMethod()
#24 /home/sandeep/Documents/finpay/vendor/laravel/framework/src/Illuminate/Container/Container.php(799): Illuminate\\Container\\BoundMethod::call()
#25 /home/sandeep/Documents/finpay/vendor/laravel/framework/src/Illuminate/Console/Command.php(211): Illuminate\\Container\\Container->call()
#26 /home/sandeep/Documents/finpay/vendor/symfony/console/Command/Command.php(341): Illuminate\\Console\\Command->execute()
#27 /home/sandeep/Documents/finpay/vendor/laravel/framework/src/Illuminate/Console/Command.php(180): Symfony\\Component\\Console\\Command\\Command->run()
#28 /home/sandeep/Documents/finpay/vendor/symfony/console/Application.php(1117): Illuminate\\Console\\Command->run()
#29 /home/sandeep/Documents/finpay/vendor/symfony/console/Application.php(356): Symfony\\Component\\Console\\Application->doRunCommand()
#30 /home/sandeep/Documents/finpay/vendor/symfony/console/Application.php(195): Symfony\\Component\\Console\\Application->doRun()
#31 /home/sandeep/Documents/finpay/vendor/laravel/framework/src/Illuminate/Foundation/Console/Kernel.php(198): Symfony\\Component\\Console\\Application->run()
#32 /home/sandeep/Documents/finpay/artisan(14): Illuminate\\Foundation\\Console\\Kernel->handle()
#33 {main}

[previous exception] [object] (PDOException(code: 42S01): SQLSTATE[42S01]: Base table or view already exists: 1050 Table 'settlements' already exists at /home/sandeep/Documents/finpay/vendor/laravel/framework/src/Illuminate/Database/Connection.php:584)
[stacktrace]
#0 /home/sandeep/Documents/finpay/vendor/laravel/framework/src/Illuminate/Database/Connection.php(584): PDOStatement->execute()
#1 /home/sandeep/Documents/finpay/vendor/laravel/framework/src/Illuminate/Database/Connection.php(827): Illuminate\\Database\\Connection->Illuminate\\Database\\{closure}()
#2 /home/sandeep/Documents/finpay/vendor/laravel/framework/src/Illuminate/Database/Connection.php(794): Illuminate\\Database\\Connection->runQueryCallback()
#3 /home/sandeep/Documents/finpay/vendor/laravel/framework/src/Illuminate/Database/Connection.php(573): Illuminate\\Database\\Connection->run()
#4 /home/sandeep/Documents/finpay/vendor/laravel/framework/src/Illuminate/Database/Schema/Blueprint.php(121): Illuminate\\Database\\Connection->statement()
#5 /home/sandeep/Documents/finpay/vendor/laravel/framework/src/Illuminate/Database/Schema/Builder.php(686): Illuminate\\Database\\Schema\\Blueprint->build()
#6 /home/sandeep/Documents/finpay/vendor/laravel/framework/src/Illuminate/Database/Schema/Builder.php(506): Illuminate\\Database\\Schema\\Builder->build()
#7 /home/sandeep/Documents/finpay/vendor/laravel/framework/src/Illuminate/Support/Facades/Facade.php(363): Illuminate\\Database\\Schema\\Builder->create()
#8 /home/sandeep/Documents/finpay/database/migrations/2026_08_19_000005_create_settlements_table.php(8): Illuminate\\Support\\Facades\\Facade::__callStatic()
#9 /home/sandeep/Documents/finpay/vendor/laravel/framework/src/Illuminate/Database/Migrations/Migrator.php(517): Illuminate\\Database\\Migrations\\Migration@anonymous->up()
#10 /home/sandeep/Documents/finpay/vendor/laravel/framework/src/Illuminate/Database/Migrations/Migrator.php(442): Illuminate\\Database\\Migrations\\Migrator->runMethod()
#11 /home/sandeep/Documents/finpay/vendor/laravel/framework/src/Illuminate/Database/Migrations/Migrator.php(451): Illuminate\\Database\\Migrations\\Migrator->Illuminate\\Database\\Migrations\\{closure}()
#12 /home/sandeep/Documents/finpay/vendor/laravel/framework/src/Illuminate/Database/Migrations/Migrator.php(253): Illuminate\\Database\\Migrations\\Migrator->runMigration()
#13 /home/sandeep/Documents/finpay/vendor/laravel/framework/src/Illuminate/Console/View/Components/Task.php(41): Illuminate\\Database\\Migrations\\Migrator->Illuminate\\Database\\Migrations\\{closure}()
#14 /home/sandeep/Documents/finpay/vendor/laravel/framework/src/Illuminate/Database/Migrations/Migrator.php(814): Illuminate\\Console\\View\\Components\\Task->render()
#15 /home/sandeep/Documents/finpay/vendor/laravel/framework/src/Illuminate/Database/Migrations/Migrator.php(253): Illuminate\\Database\\Migrations\\Migrator->write()
#16 /home/sandeep/Documents/finpay/vendor/laravel/framework/src/Illuminate/Database/Migrations/Migrator.php(211): Illuminate\\Database\\Migrations\\Migrator->runUp()
#17 /home/sandeep/Documents/finpay/vendor/laravel/framework/src/Illuminate/Database/Migrations/Migrator.php(138): Illuminate\\Database\\Migrations\\Migrator->runPending()
#18 /home/sandeep/Documents/finpay/vendor/laravel/framework/src/Illuminate/Database/Console/Migrations/MigrateCommand.php(116): Illuminate\\Database\\Migrations\\Migrator->run()
#19 /home/sandeep/Documents/finpay/vendor/laravel/framework/src/Illuminate/Database/Migrations/Migrator.php(671): Illuminate\\Database\\Console\\Migrations\\MigrateCommand->Illuminate\\Database\\Console\\Migrations\\{closure}()
#20 /home/sandeep/Documents/finpay/vendor/laravel/framework/src/Illuminate/Database/Console/Migrations/MigrateCommand.php(109): Illuminate\\Database\\Migrations\\Migrator->usingConnection()
#21 /home/sandeep/Documents/finpay/vendor/laravel/framework/src/Illuminate/Database/Console/Migrations/MigrateCommand.php(88): Illuminate\\Database\\Console\\Migrations\\MigrateCommand->runMigrations()
#22 /home/sandeep/Documents/finpay/vendor/laravel/framework/src/Illuminate/Container/BoundMethod.php(36): Illuminate\\Database\\Console\\Migrations\\MigrateCommand->handle()
#23 /home/sandeep/Documents/finpay/vendor/laravel/framework/src/Illuminate/Container/Util.php(43): Illuminate\\Container\\BoundMethod::Illuminate\\Container\\{closure}()
#24 /home/sandeep/Documents/finpay/vendor/laravel/framework/src/Illuminate/Container/BoundMethod.php(96): Illuminate\\Container\\Util::unwrapIfClosure()
#25 /home/sandeep/Documents/finpay/vendor/laravel/framework/src/Illuminate/Container/BoundMethod.php(35): Illuminate\\Container\\BoundMethod::callBoundMethod()
#26 /home/sandeep/Documents/finpay/vendor/laravel/framework/src/Illuminate/Container/Container.php(799): Illuminate\\Container\\BoundMethod::call()
#27 /home/sandeep/Documents/finpay/vendor/laravel/framework/src/Illuminate/Console/Command.php(211): Illuminate\\Container\\Container->call()
#28 /home/sandeep/Documents/finpay/vendor/symfony/console/Command/Command.php(341): Illuminate\\Console\\Command->execute()
#29 /home/sandeep/Documents/finpay/vendor/laravel/framework/src/Illuminate/Console/Command.php(180): Symfony\\Component\\Console\\Command\\Command->run()
#30 /home/sandeep/Documents/finpay/vendor/symfony/console/Application.php(1117): Illuminate\\Console\\Command->run()
#31 /home/sandeep/Documents/finpay/vendor/symfony/console/Application.php(356): Symfony\\Component\\Console\\Application->doRunCommand()
#32 /home/sandeep/Documents/finpay/vendor/symfony/console/Application.php(195): Symfony\\Component\\Console\\Application->doRun()
#33 /home/sandeep/Documents/finpay/vendor/laravel/framework/src/Illuminate/Foundation/Console/Kernel.php(198): Symfony\\Component\\Console\\Application->run()
#34 /home/sandeep/Documents/finpay/artisan(14): Illuminate\\Foundation\\Console\\Kernel->handle()
#35 {main}
"} 
[2026-08-20 13:23:39] local.ERROR: Symfony\Component\Console\Application::renderThrowable(): Argument #2 ($output) must be of type Symfony\Component\Console\Output\OutputInterface, null given, called in /home/sandeep/Documents/finpay/vendor/laravel/framework/src/Illuminate/Foundation/Exceptions/Handler.php on line 1059 {"exception":"[object] (TypeError(code: 0): Symfony\\Component\\Console\\Application::renderThrowable(): Argument #2 ($output) must be of type Symfony\\Component\\Console\\Output\\OutputInterface, null given, called in /home/sandeep/Documents/finpay/vendor/laravel/framework/src/Illuminate/Foundation/Exceptions/Handler.php on line 1059 at /home/sandeep/Documents/finpay/vendor/symfony/console/Application.php:890)
[stacktrace]
#0 /home/sandeep/Documents/finpay/vendor/laravel/framework/src/Illuminate/Foundation/Exceptions/Handler.php(1059): Symfony\\Component\\Console\\Application->renderThrowable()
#1 /home/sandeep/Documents/finpay/vendor/laravel/framework/src/Illuminate/Foundation/Console/Kernel.php(653): Illuminate\\Foundation\\Exceptions\\Handler->renderForConsole()
#2 /home/sandeep/Documents/finpay/vendor/laravel/framework/src/Illuminate/Foundation/Console/Kernel.php(202): Illuminate\\Foundation\\Console\\Kernel->renderException()
#3 /home/sandeep/Documents/finpay/artisan(14): Illuminate\\Foundation\\Console\\Kernel->handle()
#4 {main}
"} 
[2026-08-20 13:23:52] local.ERROR: SQLSTATE[42S01]: Base table or view already exists: 1050 Table 'api_credentials' already exists (Connection: mysql, Host: 127.0.0.1, Port: 3306, Database: finpay, SQL: create table `api_credentials` (`id` bigint unsigned not null auto_increment primary key, `vendor_id` bigint unsigned not null, `api_key` varchar(255) not null, `secret_key` varchar(255) not null, `webhook_url` varchar(255) null, `ip_whitelist` json null, `is_active` tinyint(1) not null default '1', `last_used_at` timestamp null, `created_at` timestamp null, `updated_at` timestamp null) default character set utf8mb4 collate 'utf8mb4_unicode_ci') {"exception":"[object] (Illuminate\\Database\\QueryException(code: 42S01): SQLSTATE[42S01]: Base table or view already exists: 1050 Table 'api_credentials' already exists (Connection: mysql, Host: 127.0.0.1, Port: 3306, Database: finpay, SQL: create table `api_credentials` (`id` bigint unsigned not null auto_increment primary key, `vendor_id` bigint unsigned not null, `api_key` varchar(255) not null, `secret_key` varchar(255) not null, `webhook_url` varchar(255) null, `ip_whitelist` json null, `is_active` tinyint(1) not null default '1', `last_used_at` timestamp null, `created_at` timestamp null, `updated_at` timestamp null) default character set utf8mb4 collate 'utf8mb4_unicode_ci') at /home/sandeep/Documents/finpay/vendor/laravel/framework/src/Illuminate/Database/Connection.php:838)
[stacktrace]
#0 /home/sandeep/Documents/finpay/vendor/laravel/framework/src/Illuminate/Database/Connection.php(794): Illuminate\\Database\\Connection->runQueryCallback()
#1 /home/sandeep/Documents/finpay/vendor/laravel/framework/src/Illuminate/Database/Connection.php(573): Illuminate\\Database\\Connection->run()
#2 /home/sandeep/Documents/finpay/vendor/laravel/framework/src/Illuminate/Database/Schema/Blueprint.php(121): Illuminate\\Database\\Connection->statement()
#3 /home/sandeep/Documents/finpay/vendor/laravel/framework/src/Illuminate/Database/Schema/Builder.php(686): Illuminate\\Database\\Schema\\Blueprint->build()
#4 /home/sandeep/Documents/finpay/vendor/laravel/framework/src/Illuminate/Database/Schema/Builder.php(506): Illuminate\\Database\\Schema\\Builder->build()
#5 /home/sandeep/Documents/finpay/vendor/laravel/framework/src/Illuminate/Support/Facades/Facade.php(363): Illuminate\\Database\\Schema\\Builder->create()
#6 /home/sandeep/Documents/finpay/database/migrations/2026_08_19_000006_create_api_credentials_table.php(8): Illuminate\\Support\\Facades\\Facade::__callStatic()
#7 /home/sandeep/Documents/finpay/vendor/laravel/framework/src/Illuminate/Database/Migrations/Migrator.php(517): Illuminate\\Database\\Migrations\\Migration@anonymous->up()
#8 /home/sandeep/Documents/finpay/vendor/laravel/framework/src/Illuminate/Database/Migrations/Migrator.php(442): Illuminate\\Database\\Migrations\\Migrator->runMethod()
#9 /home/sandeep/Documents/finpay/vendor/laravel/framework/src/Illuminate/Database/Migrations/Migrator.php(451): Illuminate\\Database\\Migrations\\Migrator->Illuminate\\Database\\Migrations\\{closure}()
#10 /home/sandeep/Documents/finpay/vendor/laravel/framework/src/Illuminate/Database/Migrations/Migrator.php(253): Illuminate\\Database\\Migrations\\Migrator->runMigration()
#11 /home/sandeep/Documents/finpay/vendor/laravel/framework/src/Illuminate/Console/View/Components/Task.php(41): Illuminate\\Database\\Migrations\\Migrator->Illuminate\\Database\\Migrations\\{closure}()
#12 /home/sandeep/Documents/finpay/vendor/laravel/framework/src/Illuminate/Database/Migrations/Migrator.php(814): Illuminate\\Console\\View\\Components\\Task->render()
#13 /home/sandeep/Documents/finpay/vendor/laravel/framework/src/Illuminate/Database/Migrations/Migrator.php(253): Illuminate\\Database\\Migrations\\Migrator->write()
#14 /home/sandeep/Documents/finpay/vendor/laravel/framework/src/Illuminate/Database/Migrations/Migrator.php(211): Illuminate\\Database\\Migrations\\Migrator->runUp()
#15 /home/sandeep/Documents/finpay/vendor/laravel/framework/src/Illuminate/Database/Migrations/Migrator.php(138): Illuminate\\Database\\Migrations\\Migrator->runPending()
#16 /home/sandeep/Documents/finpay/vendor/laravel/framework/src/Illuminate/Database/Console/Migrations/MigrateCommand.php(116): Illuminate\\Database\\Migrations\\Migrator->run()
#17 /home/sandeep/Documents/finpay/vendor/laravel/framework/src/Illuminate/Database/Migrations/Migrator.php(671): Illuminate\\Database\\Console\\Migrations\\MigrateCommand->Illuminate\\Database\\Console\\Migrations\\{closure}()
#18 /home/sandeep/Documents/finpay/vendor/laravel/framework/src/Illuminate/Database/Console/Migrations/MigrateCommand.php(109): Illuminate\\Database\\Migrations\\Migrator->usingConnection()
#19 /home/sandeep/Documents/finpay/vendor/laravel/framework/src/Illuminate/Database/Console/Migrations/MigrateCommand.php(88): Illuminate\\Database\\Console\\Migrations\\MigrateCommand->runMigrations()
#20 /home/sandeep/Documents/finpay/vendor/laravel/framework/src/Illuminate/Container/BoundMethod.php(36): Illuminate\\Database\\Console\\Migrations\\MigrateCommand->handle()
#21 /home/sandeep/Documents/finpay/vendor/laravel/framework/src/Illuminate/Container/Util.php(43): Illuminate\\Container\\BoundMethod::Illuminate\\Container\\{closure}()
#22 /home/sandeep/Documents/finpay/vendor/laravel/framework/src/Illuminate/Container/BoundMethod.php(96): Illuminate\\Container\\Util::unwrapIfClosure()
#23 /home/sandeep/Documents/finpay/vendor/laravel/framework/src/Illuminate/Container/BoundMethod.php(35): Illuminate\\Container\\BoundMethod::callBoundMethod()
#24 /home/sandeep/Documents/finpay/vendor/laravel/framework/src/Illuminate/Container/Container.php(799): Illuminate\\Container\\BoundMethod::call()
#25 /home/sandeep/Documents/finpay/vendor/laravel/framework/src/Illuminate/Console/Command.php(211): Illuminate\\Container\\Container->call()
#26 /home/sandeep/Documents/finpay/vendor/symfony/console/Command/Command.php(341): Illuminate\\Console\\Command->execute()
#27 /home/sandeep/Documents/finpay/vendor/laravel/framework/src/Illuminate/Console/Command.php(180): Symfony\\Component\\Console\\Command\\Command->run()
#28 /home/sandeep/Documents/finpay/vendor/symfony/console/Application.php(1117): Illuminate\\Console\\Command->run()
#29 /home/sandeep/Documents/finpay/vendor/symfony/console/Application.php(356): Symfony\\Component\\Console\\Application->doRunCommand()
#30 /home/sandeep/Documents/finpay/vendor/symfony/console/Application.php(195): Symfony\\Component\\Console\\Application->doRun()
#31 /home/sandeep/Documents/finpay/vendor/laravel/framework/src/Illuminate/Foundation/Console/Kernel.php(198): Symfony\\Component\\Console\\Application->run()
#32 /home/sandeep/Documents/finpay/artisan(14): Illuminate\\Foundation\\Console\\Kernel->handle()
#33 {main}

[previous exception] [object] (PDOException(code: 42S01): SQLSTATE[42S01]: Base table or view already exists: 1050 Table 'api_credentials' already exists at /home/sandeep/Documents/finpay/vendor/laravel/framework/src/Illuminate/Database/Connection.php:584)
[stacktrace]
#0 /home/sandeep/Documents/finpay/vendor/laravel/framework/src/Illuminate/Database/Connection.php(584): PDOStatement->execute()
#1 /home/sandeep/Documents/finpay/vendor/laravel/framework/src/Illuminate/Database/Connection.php(827): Illuminate\\Database\\Connection->Illuminate\\Database\\{closure}()
#2 /home/sandeep/Documents/finpay/vendor/laravel/framework/src/Illuminate/Database/Connection.php(794): Illuminate\\Database\\Connection->runQueryCallback()
#3 /home/sandeep/Documents/finpay/vendor/laravel/framework/src/Illuminate/Database/Connection.php(573): Illuminate\\Database\\Connection->run()
#4 /home/sandeep/Documents/finpay/vendor/laravel/framework/src/Illuminate/Database/Schema/Blueprint.php(121): Illuminate\\Database\\Connection->statement()
#5 /home/sandeep/Documents/finpay/vendor/laravel/framework/src/Illuminate/Database/Schema/Builder.php(686): Illuminate\\Database\\Schema\\Blueprint->build()
#6 /home/sandeep/Documents/finpay/vendor/laravel/framework/src/Illuminate/Database/Schema/Builder.php(506): Illuminate\\Database\\Schema\\Builder->build()
#7 /home/sandeep/Documents/finpay/vendor/laravel/framework/src/Illuminate/Support/Facades/Facade.php(363): Illuminate\\Database\\Schema\\Builder->create()
#8 /home/sandeep/Documents/finpay/database/migrations/2026_08_19_000006_create_api_credentials_table.php(8): Illuminate\\Support\\Facades\\Facade::__callStatic()
#9 /home/sandeep/Documents/finpay/vendor/laravel/framework/src/Illuminate/Database/Migrations/Migrator.php(517): Illuminate\\Database\\Migrations\\Migration@anonymous->up()
#10 /home/sandeep/Documents/finpay/vendor/laravel/framework/src/Illuminate/Database/Migrations/Migrator.php(442): Illuminate\\Database\\Migrations\\Migrator->runMethod()
#11 /home/sandeep/Documents/finpay/vendor/laravel/framework/src/Illuminate/Database/Migrations/Migrator.php(451): Illuminate\\Database\\Migrations\\Migrator->Illuminate\\Database\\Migrations\\{closure}()
#12 /home/sandeep/Documents/finpay/vendor/laravel/framework/src/Illuminate/Database/Migrations/Migrator.php(253): Illuminate\\Database\\Migrations\\Migrator->runMigration()
#13 /home/sandeep/Documents/finpay/vendor/laravel/framework/src/Illuminate/Console/View/Components/Task.php(41): Illuminate\\Database\\Migrations\\Migrator->Illuminate\\Database\\Migrations\\{closure}()
#14 /home/sandeep/Documents/finpay/vendor/laravel/framework/src/Illuminate/Database/Migrations/Migrator.php(814): Illuminate\\Console\\View\\Components\\Task->render()
#15 /home/sandeep/Documents/finpay/vendor/laravel/framework/src/Illuminate/Database/Migrations/Migrator.php(253): Illuminate\\Database\\Migrations\\Migrator->write()
#16 /home/sandeep/Documents/finpay/vendor/laravel/framework/src/Illuminate/Database/Migrations/Migrator.php(211): Illuminate\\Database\\Migrations\\Migrator->runUp()
#17 /home/sandeep/Documents/finpay/vendor/laravel/framework/src/Illuminate/Database/Migrations/Migrator.php(138): Illuminate\\Database\\Migrations\\Migrator->runPending()
#18 /home/sandeep/Documents/finpay/vendor/laravel/framework/src/Illuminate/Database/Console/Migrations/MigrateCommand.php(116): Illuminate\\Database\\Migrations\\Migrator->run()
#19 /home/sandeep/Documents/finpay/vendor/laravel/framework/src/Illuminate/Database/Migrations/Migrator.php(671): Illuminate\\Database\\Console\\Migrations\\MigrateCommand->Illuminate\\Database\\Console\\Migrations\\{closure}()
#20 /home/sandeep/Documents/finpay/vendor/laravel/framework/src/Illuminate/Database/Console/Migrations/MigrateCommand.php(109): Illuminate\\Database\\Migrations\\Migrator->usingConnection()
#21 /home/sandeep/Documents/finpay/vendor/laravel/framework/src/Illuminate/Database/Console/Migrations/MigrateCommand.php(88): Illuminate\\Database\\Console\\Migrations\\MigrateCommand->runMigrations()
#22 /home/sandeep/Documents/finpay/vendor/laravel/framework/src/Illuminate/Container/BoundMethod.php(36): Illuminate\\Database\\Console\\Migrations\\MigrateCommand->handle()
#23 /home/sandeep/Documents/finpay/vendor/laravel/framework/src/Illuminate/Container/Util.php(43): Illuminate\\Container\\BoundMethod::Illuminate\\Container\\{closure}()
#24 /home/sandeep/Documents/finpay/vendor/laravel/framework/src/Illuminate/Container/BoundMethod.php(96): Illuminate\\Container\\Util::unwrapIfClosure()
#25 /home/sandeep/Documents/finpay/vendor/laravel/framework/src/Illuminate/Container/BoundMethod.php(35): Illuminate\\Container\\BoundMethod::callBoundMethod()
#26 /home/sandeep/Documents/finpay/vendor/laravel/framework/src/Illuminate/Container/Container.php(799): Illuminate\\Container\\BoundMethod::call()
#27 /home/sandeep/Documents/finpay/vendor/laravel/framework/src/Illuminate/Console/Command.php(211): Illuminate\\Container\\Container->call()
#28 /home/sandeep/Documents/finpay/vendor/symfony/console/Command/Command.php(341): Illuminate\\Console\\Command->execute()
#29 /home/sandeep/Documents/finpay/vendor/laravel/framework/src/Illuminate/Console/Command.php(180): Symfony\\Component\\Console\\Command\\Command->run()
#30 /home/sandeep/Documents/finpay/vendor/symfony/console/Application.php(1117): Illuminate\\Console\\Command->run()
#31 /home/sandeep/Documents/finpay/vendor/symfony/console/Application.php(356): Symfony\\Component\\Console\\Application->doRunCommand()
#32 /home/sandeep/Documents/finpay/vendor/symfony/console/Application.php(195): Symfony\\Component\\Console\\Application->doRun()
#33 /home/sandeep/Documents/finpay/vendor/laravel/framework/src/Illuminate/Foundation/Console/Kernel.php(198): Symfony\\Component\\Console\\Application->run()
#34 /home/sandeep/Documents/finpay/artisan(14): Illuminate\\Foundation\\Console\\Kernel->handle()
#35 {main}
"} 
[2026-08-20 13:23:52] local.ERROR: Symfony\Component\Console\Application::renderThrowable(): Argument #2 ($output) must be of type Symfony\Component\Console\Output\OutputInterface, null given, called in /home/sandeep/Documents/finpay/vendor/laravel/framework/src/Illuminate/Foundation/Exceptions/Handler.php on line 1059 {"exception":"[object] (TypeError(code: 0): Symfony\\Component\\Console\\Application::renderThrowable(): Argument #2 ($output) must be of type Symfony\\Component\\Console\\Output\\OutputInterface, null given, called in /home/sandeep/Documents/finpay/vendor/laravel/framework/src/Illuminate/Foundation/Exceptions/Handler.php on line 1059 at /home/sandeep/Documents/finpay/vendor/symfony/console/Application.php:890)
[stacktrace]
#0 /home/sandeep/Documents/finpay/vendor/laravel/framework/src/Illuminate/Foundation/Exceptions/Handler.php(1059): Symfony\\Component\\Console\\Application->renderThrowable()
#1 /home/sandeep/Documents/finpay/vendor/laravel/framework/src/Illuminate/Foundation/Console/Kernel.php(653): Illuminate\\Foundation\\Exceptions\\Handler->renderForConsole()
#2 /home/sandeep/Documents/finpay/vendor/laravel/framework/src/Illuminate/Foundation/Console/Kernel.php(202): Illuminate\\Foundation\\Console\\Kernel->renderException()
#3 /home/sandeep/Documents/finpay/artisan(14): Illuminate\\Foundation\\Console\\Kernel->handle()
#4 {main}
"} 
[2026-08-20 13:24:01] local.ERROR: SQLSTATE[42S01]: Base table or view already exists: 1050 Table 'webhook_logs' already exists (Connection: mysql, Host: 127.0.0.1, Port: 3306, Database: finpay, SQL: create table `webhook_logs` (`id` bigint unsigned not null auto_increment primary key, `vendor_id` bigint unsigned not null, `event` varchar(255) not null, `url` varchar(255) not null, `payload` json not null, `response_code` int null, `response_body` text null, `status` enum('success', 'failed', 'pending') not null default 'pending', `attempts` tinyint unsigned not null default '0', `next_retry_at` timestamp null, `created_at` timestamp null, `updated_at` timestamp null) default character set utf8mb4 collate 'utf8mb4_unicode_ci') {"exception":"[object] (Illuminate\\Database\\QueryException(code: 42S01): SQLSTATE[42S01]: Base table or view already exists: 1050 Table 'webhook_logs' already exists (Connection: mysql, Host: 127.0.0.1, Port: 3306, Database: finpay, SQL: create table `webhook_logs` (`id` bigint unsigned not null auto_increment primary key, `vendor_id` bigint unsigned not null, `event` varchar(255) not null, `url` varchar(255) not null, `payload` json not null, `response_code` int null, `response_body` text null, `status` enum('success', 'failed', 'pending') not null default 'pending', `attempts` tinyint unsigned not null default '0', `next_retry_at` timestamp null, `created_at` timestamp null, `updated_at` timestamp null) default character set utf8mb4 collate 'utf8mb4_unicode_ci') at /home/sandeep/Documents/finpay/vendor/laravel/framework/src/Illuminate/Database/Connection.php:838)
[stacktrace]
#0 /home/sandeep/Documents/finpay/vendor/laravel/framework/src/Illuminate/Database/Connection.php(794): Illuminate\\Database\\Connection->runQueryCallback()
#1 /home/sandeep/Documents/finpay/vendor/laravel/framework/src/Illuminate/Database/Connection.php(573): Illuminate\\Database\\Connection->run()
#2 /home/sandeep/Documents/finpay/vendor/laravel/framework/src/Illuminate/Database/Schema/Blueprint.php(121): Illuminate\\Database\\Connection->statement()
#3 /home/sandeep/Documents/finpay/vendor/laravel/framework/src/Illuminate/Database/Schema/Builder.php(686): Illuminate\\Database\\Schema\\Blueprint->build()
#4 /home/sandeep/Documents/finpay/vendor/laravel/framework/src/Illuminate/Database/Schema/Builder.php(506): Illuminate\\Database\\Schema\\Builder->build()
#5 /home/sandeep/Documents/finpay/vendor/laravel/framework/src/Illuminate/Support/Facades/Facade.php(363): Illuminate\\Database\\Schema\\Builder->create()
#6 /home/sandeep/Documents/finpay/database/migrations/2026_08_19_000007_create_webhook_logs_table.php(8): Illuminate\\Support\\Facades\\Facade::__callStatic()
#7 /home/sandeep/Documents/finpay/vendor/laravel/framework/src/Illuminate/Database/Migrations/Migrator.php(517): Illuminate\\Database\\Migrations\\Migration@anonymous->up()
#8 /home/sandeep/Documents/finpay/vendor/laravel/framework/src/Illuminate/Database/Migrations/Migrator.php(442): Illuminate\\Database\\Migrations\\Migrator->runMethod()
#9 /home/sandeep/Documents/finpay/vendor/laravel/framework/src/Illuminate/Database/Migrations/Migrator.php(451): Illuminate\\Database\\Migrations\\Migrator->Illuminate\\Database\\Migrations\\{closure}()
#10 /home/sandeep/Documents/finpay/vendor/laravel/framework/src/Illuminate/Database/Migrations/Migrator.php(253): Illuminate\\Database\\Migrations\\Migrator->runMigration()
#11 /home/sandeep/Documents/finpay/vendor/laravel/framework/src/Illuminate/Console/View/Components/Task.php(41): Illuminate\\Database\\Migrations\\Migrator->Illuminate\\Database\\Migrations\\{closure}()
#12 /home/sandeep/Documents/finpay/vendor/laravel/framework/src/Illuminate/Database/Migrations/Migrator.php(814): Illuminate\\Console\\View\\Components\\Task->render()
#13 /home/sandeep/Documents/finpay/vendor/laravel/framework/src/Illuminate/Database/Migrations/Migrator.php(253): Illuminate\\Database\\Migrations\\Migrator->write()
#14 /home/sandeep/Documents/finpay/vendor/laravel/framework/src/Illuminate/Database/Migrations/Migrator.php(211): Illuminate\\Database\\Migrations\\Migrator->runUp()
#15 /home/sandeep/Documents/finpay/vendor/laravel/framework/src/Illuminate/Database/Migrations/Migrator.php(138): Illuminate\\Database\\Migrations\\Migrator->runPending()
#16 /home/sandeep/Documents/finpay/vendor/laravel/framework/src/Illuminate/Database/Console/Migrations/MigrateCommand.php(116): Illuminate\\Database\\Migrations\\Migrator->run()
#17 /home/sandeep/Documents/finpay/vendor/laravel/framework/src/Illuminate/Database/Migrations/Migrator.php(671): Illuminate\\Database\\Console\\Migrations\\MigrateCommand->Illuminate\\Database\\Console\\Migrations\\{closure}()
#18 /home/sandeep/Documents/finpay/vendor/laravel/framework/src/Illuminate/Database/Console/Migrations/MigrateCommand.php(109): Illuminate\\Database\\Migrations\\Migrator->usingConnection()
#19 /home/sandeep/Documents/finpay/vendor/laravel/framework/src/Illuminate/Database/Console/Migrations/MigrateCommand.php(88): Illuminate\\Database\\Console\\Migrations\\MigrateCommand->runMigrations()
#20 /home/sandeep/Documents/finpay/vendor/laravel/framework/src/Illuminate/Container/BoundMethod.php(36): Illuminate\\Database\\Console\\Migrations\\MigrateCommand->handle()
#21 /home/sandeep/Documents/finpay/vendor/laravel/framework/src/Illuminate/Container/Util.php(43): Illuminate\\Container\\BoundMethod::Illuminate\\Container\\{closure}()
#22 /home/sandeep/Documents/finpay/vendor/laravel/framework/src/Illuminate/Container/BoundMethod.php(96): Illuminate\\Container\\Util::unwrapIfClosure()
#23 /home/sandeep/Documents/finpay/vendor/laravel/framework/src/Illuminate/Container/BoundMethod.php(35): Illuminate\\Container\\BoundMethod::callBoundMethod()
#24 /home/sandeep/Documents/finpay/vendor/laravel/framework/src/Illuminate/Container/Container.php(799): Illuminate\\Container\\BoundMethod::call()
#25 /home/sandeep/Documents/finpay/vendor/laravel/framework/src/Illuminate/Console/Command.php(211): Illuminate\\Container\\Container->call()
#26 /home/sandeep/Documents/finpay/vendor/symfony/console/Command/Command.php(341): Illuminate\\Console\\Command->execute()
#27 /home/sandeep/Documents/finpay/vendor/laravel/framework/src/Illuminate/Console/Command.php(180): Symfony\\Component\\Console\\Command\\Command->run()
#28 /home/sandeep/Documents/finpay/vendor/symfony/console/Application.php(1117): Illuminate\\Console\\Command->run()
#29 /home/sandeep/Documents/finpay/vendor/symfony/console/Application.php(356): Symfony\\Component\\Console\\Application->doRunCommand()
#30 /home/sandeep/Documents/finpay/vendor/symfony/console/Application.php(195): Symfony\\Component\\Console\\Application->doRun()
#31 /home/sandeep/Documents/finpay/vendor/laravel/framework/src/Illuminate/Foundation/Console/Kernel.php(198): Symfony\\Component\\Console\\Application->run()
#32 /home/sandeep/Documents/finpay/artisan(14): Illuminate\\Foundation\\Console\\Kernel->handle()
#33 {main}

[previous exception] [object] (PDOException(code: 42S01): SQLSTATE[42S01]: Base table or view already exists: 1050 Table 'webhook_logs' already exists at /home/sandeep/Documents/finpay/vendor/laravel/framework/src/Illuminate/Database/Connection.php:584)
[stacktrace]
#0 /home/sandeep/Documents/finpay/vendor/laravel/framework/src/Illuminate/Database/Connection.php(584): PDOStatement->execute()
#1 /home/sandeep/Documents/finpay/vendor/laravel/framework/src/Illuminate/Database/Connection.php(827): Illuminate\\Database\\Connection->Illuminate\\Database\\{closure}()
#2 /home/sandeep/Documents/finpay/vendor/laravel/framework/src/Illuminate/Database/Connection.php(794): Illuminate\\Database\\Connection->runQueryCallback()
#3 /home/sandeep/Documents/finpay/vendor/laravel/framework/src/Illuminate/Database/Connection.php(573): Illuminate\\Database\\Connection->run()
#4 /home/sandeep/Documents/finpay/vendor/laravel/framework/src/Illuminate/Database/Schema/Blueprint.php(121): Illuminate\\Database\\Connection->statement()
#5 /home/sandeep/Documents/finpay/vendor/laravel/framework/src/Illuminate/Database/Schema/Builder.php(686): Illuminate\\Database\\Schema\\Blueprint->build()
#6 /home/sandeep/Documents/finpay/vendor/laravel/framework/src/Illuminate/Database/Schema/Builder.php(506): Illuminate\\Database\\Schema\\Builder->build()
#7 /home/sandeep/Documents/finpay/vendor/laravel/framework/src/Illuminate/Support/Facades/Facade.php(363): Illuminate\\Database\\Schema\\Builder->create()
#8 /home/sandeep/Documents/finpay/database/migrations/2026_08_19_000007_create_webhook_logs_table.php(8): Illuminate\\Support\\Facades\\Facade::__callStatic()
#9 /home/sandeep/Documents/finpay/vendor/laravel/framework/src/Illuminate/Database/Migrations/Migrator.php(517): Illuminate\\Database\\Migrations\\Migration@anonymous->up()
#10 /home/sandeep/Documents/finpay/vendor/laravel/framework/src/Illuminate/Database/Migrations/Migrator.php(442): Illuminate\\Database\\Migrations\\Migrator->runMethod()
#11 /home/sandeep/Documents/finpay/vendor/laravel/framework/src/Illuminate/Database/Migrations/Migrator.php(451): Illuminate\\Database\\Migrations\\Migrator->Illuminate\\Database\\Migrations\\{closure}()
#12 /home/sandeep/Documents/finpay/vendor/laravel/framework/src/Illuminate/Database/Migrations/Migrator.php(253): Illuminate\\Database\\Migrations\\Migrator->runMigration()
#13 /home/sandeep/Documents/finpay/vendor/laravel/framework/src/Illuminate/Console/View/Components/Task.php(41): Illuminate\\Database\\Migrations\\Migrator->Illuminate\\Database\\Migrations\\{closure}()
#14 /home/sandeep/Documents/finpay/vendor/laravel/framework/src/Illuminate/Database/Migrations/Migrator.php(814): Illuminate\\Console\\View\\Components\\Task->render()
#15 /home/sandeep/Documents/finpay/vendor/laravel/framework/src/Illuminate/Database/Migrations/Migrator.php(253): Illuminate\\Database\\Migrations\\Migrator->write()
#16 /home/sandeep/Documents/finpay/vendor/laravel/framework/src/Illuminate/Database/Migrations/Migrator.php(211): Illuminate\\Database\\Migrations\\Migrator->runUp()
#17 /home/sandeep/Documents/finpay/vendor/laravel/framework/src/Illuminate/Database/Migrations/Migrator.php(138): Illuminate\\Database\\Migrations\\Migrator->runPending()
#18 /home/sandeep/Documents/finpay/vendor/laravel/framework/src/Illuminate/Database/Console/Migrations/MigrateCommand.php(116): Illuminate\\Database\\Migrations\\Migrator->run()
#19 /home/sandeep/Documents/finpay/vendor/laravel/framework/src/Illuminate/Database/Migrations/Migrator.php(671): Illuminate\\Database\\Console\\Migrations\\MigrateCommand->Illuminate\\Database\\Console\\Migrations\\{closure}()
#20 /home/sandeep/Documents/finpay/vendor/laravel/framework/src/Illuminate/Database/Console/Migrations/MigrateCommand.php(109): Illuminate\\Database\\Migrations\\Migrator->usingConnection()
#21 /home/sandeep/Documents/finpay/vendor/laravel/framework/src/Illuminate/Database/Console/Migrations/MigrateCommand.php(88): Illuminate\\Database\\Console\\Migrations\\MigrateCommand->runMigrations()
#22 /home/sandeep/Documents/finpay/vendor/laravel/framework/src/Illuminate/Container/BoundMethod.php(36): Illuminate\\Database\\Console\\Migrations\\MigrateCommand->handle()
#23 /home/sandeep/Documents/finpay/vendor/laravel/framework/src/Illuminate/Container/Util.php(43): Illuminate\\Container\\BoundMethod::Illuminate\\Container\\{closure}()
#24 /home/sandeep/Documents/finpay/vendor/laravel/framework/src/Illuminate/Container/BoundMethod.php(96): Illuminate\\Container\\Util::unwrapIfClosure()
#25 /home/sandeep/Documents/finpay/vendor/laravel/framework/src/Illuminate/Container/BoundMethod.php(35): Illuminate\\Container\\BoundMethod::callBoundMethod()
#26 /home/sandeep/Documents/finpay/vendor/laravel/framework/src/Illuminate/Container/Container.php(799): Illuminate\\Container\\BoundMethod::call()
#27 /home/sandeep/Documents/finpay/vendor/laravel/framework/src/Illuminate/Console/Command.php(211): Illuminate\\Container\\Container->call()
#28 /home/sandeep/Documents/finpay/vendor/symfony/console/Command/Command.php(341): Illuminate\\Console\\Command->execute()
#29 /home/sandeep/Documents/finpay/vendor/laravel/framework/src/Illuminate/Console/Command.php(180): Symfony\\Component\\Console\\Command\\Command->run()
#30 /home/sandeep/Documents/finpay/vendor/symfony/console/Application.php(1117): Illuminate\\Console\\Command->run()
#31 /home/sandeep/Documents/finpay/vendor/symfony/console/Application.php(356): Symfony\\Component\\Console\\Application->doRunCommand()
#32 /home/sandeep/Documents/finpay/vendor/symfony/console/Application.php(195): Symfony\\Component\\Console\\Application->doRun()
#33 /home/sandeep/Documents/finpay/vendor/laravel/framework/src/Illuminate/Foundation/Console/Kernel.php(198): Symfony\\Component\\Console\\Application->run()
#34 /home/sandeep/Documents/finpay/artisan(14): Illuminate\\Foundation\\Console\\Kernel->handle()
#35 {main}
"} 
[2026-08-20 13:24:01] local.ERROR: Symfony\Component\Console\Application::renderThrowable(): Argument #2 ($output) must be of type Symfony\Component\Console\Output\OutputInterface, null given, called in /home/sandeep/Documents/finpay/vendor/laravel/framework/src/Illuminate/Foundation/Exceptions/Handler.php on line 1059 {"exception":"[object] (TypeError(code: 0): Symfony\\Component\\Console\\Application::renderThrowable(): Argument #2 ($output) must be of type Symfony\\Component\\Console\\Output\\OutputInterface, null given, called in /home/sandeep/Documents/finpay/vendor/laravel/framework/src/Illuminate/Foundation/Exceptions/Handler.php on line 1059 at /home/sandeep/Documents/finpay/vendor/symfony/console/Application.php:890)
[stacktrace]
#0 /home/sandeep/Documents/finpay/vendor/laravel/framework/src/Illuminate/Foundation/Exceptions/Handler.php(1059): Symfony\\Component\\Console\\Application->renderThrowable()
#1 /home/sandeep/Documents/finpay/vendor/laravel/framework/src/Illuminate/Foundation/Console/Kernel.php(653): Illuminate\\Foundation\\Exceptions\\Handler->renderForConsole()
#2 /home/sandeep/Documents/finpay/vendor/laravel/framework/src/Illuminate/Foundation/Console/Kernel.php(202): Illuminate\\Foundation\\Console\\Kernel->renderException()
#3 /home/sandeep/Documents/finpay/artisan(14): Illuminate\\Foundation\\Console\\Kernel->handle()
#4 {main}
"} 
[2026-08-20 13:24:10] local.ERROR: SQLSTATE[42S01]: Base table or view already exists: 1050 Table 'api_logs' already exists (Connection: mysql, Host: 127.0.0.1, Port: 3306, Database: finpay, SQL: create table `api_logs` (`id` bigint unsigned not null auto_increment primary key, `vendor_id` bigint unsigned not null, `method` varchar(10) not null, `endpoint` varchar(255) not null, `status_code` int not null, `request_payload` json null, `response_payload` json null, `ip_address` varchar(45) null, `response_time_ms` int unsigned null, `created_at` timestamp null, `updated_at` timestamp null) default character set utf8mb4 collate 'utf8mb4_unicode_ci') {"exception":"[object] (Illuminate\\Database\\QueryException(code: 42S01): SQLSTATE[42S01]: Base table or view already exists: 1050 Table 'api_logs' already exists (Connection: mysql, Host: 127.0.0.1, Port: 3306, Database: finpay, SQL: create table `api_logs` (`id` bigint unsigned not null auto_increment primary key, `vendor_id` bigint unsigned not null, `method` varchar(10) not null, `endpoint` varchar(255) not null, `status_code` int not null, `request_payload` json null, `response_payload` json null, `ip_address` varchar(45) null, `response_time_ms` int unsigned null, `created_at` timestamp null, `updated_at` timestamp null) default character set utf8mb4 collate 'utf8mb4_unicode_ci') at /home/sandeep/Documents/finpay/vendor/laravel/framework/src/Illuminate/Database/Connection.php:838)
[stacktrace]
#0 /home/sandeep/Documents/finpay/vendor/laravel/framework/src/Illuminate/Database/Connection.php(794): Illuminate\\Database\\Connection->runQueryCallback()
#1 /home/sandeep/Documents/finpay/vendor/laravel/framework/src/Illuminate/Database/Connection.php(573): Illuminate\\Database\\Connection->run()
#2 /home/sandeep/Documents/finpay/vendor/laravel/framework/src/Illuminate/Database/Schema/Blueprint.php(121): Illuminate\\Database\\Connection->statement()
#3 /home/sandeep/Documents/finpay/vendor/laravel/framework/src/Illuminate/Database/Schema/Builder.php(686): Illuminate\\Database\\Schema\\Blueprint->build()
#4 /home/sandeep/Documents/finpay/vendor/laravel/framework/src/Illuminate/Database/Schema/Builder.php(506): Illuminate\\Database\\Schema\\Builder->build()
#5 /home/sandeep/Documents/finpay/vendor/laravel/framework/src/Illuminate/Support/Facades/Facade.php(363): Illuminate\\Database\\Schema\\Builder->create()
#6 /home/sandeep/Documents/finpay/database/migrations/2026_08_19_000008_create_api_logs_table.php(8): Illuminate\\Support\\Facades\\Facade::__callStatic()
#7 /home/sandeep/Documents/finpay/vendor/laravel/framework/src/Illuminate/Database/Migrations/Migrator.php(517): Illuminate\\Database\\Migrations\\Migration@anonymous->up()
#8 /home/sandeep/Documents/finpay/vendor/laravel/framework/src/Illuminate/Database/Migrations/Migrator.php(442): Illuminate\\Database\\Migrations\\Migrator->runMethod()
#9 /home/sandeep/Documents/finpay/vendor/laravel/framework/src/Illuminate/Database/Migrations/Migrator.php(451): Illuminate\\Database\\Migrations\\Migrator->Illuminate\\Database\\Migrations\\{closure}()
#10 /home/sandeep/Documents/finpay/vendor/laravel/framework/src/Illuminate/Database/Migrations/Migrator.php(253): Illuminate\\Database\\Migrations\\Migrator->runMigration()
#11 /home/sandeep/Documents/finpay/vendor/laravel/framework/src/Illuminate/Console/View/Components/Task.php(41): Illuminate\\Database\\Migrations\\Migrator->Illuminate\\Database\\Migrations\\{closure}()
#12 /home/sandeep/Documents/finpay/vendor/laravel/framework/src/Illuminate/Database/Migrations/Migrator.php(814): Illuminate\\Console\\View\\Components\\Task->render()
#13 /home/sandeep/Documents/finpay/vendor/laravel/framework/src/Illuminate/Database/Migrations/Migrator.php(253): Illuminate\\Database\\Migrations\\Migrator->write()
#14 /home/sandeep/Documents/finpay/vendor/laravel/framework/src/Illuminate/Database/Migrations/Migrator.php(211): Illuminate\\Database\\Migrations\\Migrator->runUp()
#15 /home/sandeep/Documents/finpay/vendor/laravel/framework/src/Illuminate/Database/Migrations/Migrator.php(138): Illuminate\\Database\\Migrations\\Migrator->runPending()
#16 /home/sandeep/Documents/finpay/vendor/laravel/framework/src/Illuminate/Database/Console/Migrations/MigrateCommand.php(116): Illuminate\\Database\\Migrations\\Migrator->run()
#17 /home/sandeep/Documents/finpay/vendor/laravel/framework/src/Illuminate/Database/Migrations/Migrator.php(671): Illuminate\\Database\\Console\\Migrations\\MigrateCommand->Illuminate\\Database\\Console\\Migrations\\{closure}()
#18 /home/sandeep/Documents/finpay/vendor/laravel/framework/src/Illuminate/Database/Console/Migrations/MigrateCommand.php(109): Illuminate\\Database\\Migrations\\Migrator->usingConnection()
#19 /home/sandeep/Documents/finpay/vendor/laravel/framework/src/Illuminate/Database/Console/Migrations/MigrateCommand.php(88): Illuminate\\Database\\Console\\Migrations\\MigrateCommand->runMigrations()
#20 /home/sandeep/Documents/finpay/vendor/laravel/framework/src/Illuminate/Container/BoundMethod.php(36): Illuminate\\Database\\Console\\Migrations\\MigrateCommand->handle()
#21 /home/sandeep/Documents/finpay/vendor/laravel/framework/src/Illuminate/Container/Util.php(43): Illuminate\\Container\\BoundMethod::Illuminate\\Container\\{closure}()
#22 /home/sandeep/Documents/finpay/vendor/laravel/framework/src/Illuminate/Container/BoundMethod.php(96): Illuminate\\Container\\Util::unwrapIfClosure()
#23 /home/sandeep/Documents/finpay/vendor/laravel/framework/src/Illuminate/Container/BoundMethod.php(35): Illuminate\\Container\\BoundMethod::callBoundMethod()
#24 /home/sandeep/Documents/finpay/vendor/laravel/framework/src/Illuminate/Container/Container.php(799): Illuminate\\Container\\BoundMethod::call()
#25 /home/sandeep/Documents/finpay/vendor/laravel/framework/src/Illuminate/Console/Command.php(211): Illuminate\\Container\\Container->call()
#26 /home/sandeep/Documents/finpay/vendor/symfony/console/Command/Command.php(341): Illuminate\\Console\\Command->execute()
#27 /home/sandeep/Documents/finpay/vendor/laravel/framework/src/Illuminate/Console/Command.php(180): Symfony\\Component\\Console\\Command\\Command->run()
#28 /home/sandeep/Documents/finpay/vendor/symfony/console/Application.php(1117): Illuminate\\Console\\Command->run()
#29 /home/sandeep/Documents/finpay/vendor/symfony/console/Application.php(356): Symfony\\Component\\Console\\Application->doRunCommand()
#30 /home/sandeep/Documents/finpay/vendor/symfony/console/Application.php(195): Symfony\\Component\\Console\\Application->doRun()
#31 /home/sandeep/Documents/finpay/vendor/laravel/framework/src/Illuminate/Foundation/Console/Kernel.php(198): Symfony\\Component\\Console\\Application->run()
#32 /home/sandeep/Documents/finpay/artisan(14): Illuminate\\Foundation\\Console\\Kernel->handle()
#33 {main}

[previous exception] [object] (PDOException(code: 42S01): SQLSTATE[42S01]: Base table or view already exists: 1050 Table 'api_logs' already exists at /home/sandeep/Documents/finpay/vendor/laravel/framework/src/Illuminate/Database/Connection.php:584)
[stacktrace]
#0 /home/sandeep/Documents/finpay/vendor/laravel/framework/src/Illuminate/Database/Connection.php(584): PDOStatement->execute()
#1 /home/sandeep/Documents/finpay/vendor/laravel/framework/src/Illuminate/Database/Connection.php(827): Illuminate\\Database\\Connection->Illuminate\\Database\\{closure}()
#2 /home/sandeep/Documents/finpay/vendor/laravel/framework/src/Illuminate/Database/Connection.php(794): Illuminate\\Database\\Connection->runQueryCallback()
#3 /home/sandeep/Documents/finpay/vendor/laravel/framework/src/Illuminate/Database/Connection.php(573): Illuminate\\Database\\Connection->run()
#4 /home/sandeep/Documents/finpay/vendor/laravel/framework/src/Illuminate/Database/Schema/Blueprint.php(121): Illuminate\\Database\\Connection->statement()
#5 /home/sandeep/Documents/finpay/vendor/laravel/framework/src/Illuminate/Database/Schema/Builder.php(686): Illuminate\\Database\\Schema\\Blueprint->build()
#6 /home/sandeep/Documents/finpay/vendor/laravel/framework/src/Illuminate/Database/Schema/Builder.php(506): Illuminate\\Database\\Schema\\Builder->build()
#7 /home/sandeep/Documents/finpay/vendor/laravel/framework/src/Illuminate/Support/Facades/Facade.php(363): Illuminate\\Database\\Schema\\Builder->create()
#8 /home/sandeep/Documents/finpay/database/migrations/2026_08_19_000008_create_api_logs_table.php(8): Illuminate\\Support\\Facades\\Facade::__callStatic()
#9 /home/sandeep/Documents/finpay/vendor/laravel/framework/src/Illuminate/Database/Migrations/Migrator.php(517): Illuminate\\Database\\Migrations\\Migration@anonymous->up()
#10 /home/sandeep/Documents/finpay/vendor/laravel/framework/src/Illuminate/Database/Migrations/Migrator.php(442): Illuminate\\Database\\Migrations\\Migrator->runMethod()
#11 /home/sandeep/Documents/finpay/vendor/laravel/framework/src/Illuminate/Database/Migrations/Migrator.php(451): Illuminate\\Database\\Migrations\\Migrator->Illuminate\\Database\\Migrations\\{closure}()
#12 /home/sandeep/Documents/finpay/vendor/laravel/framework/src/Illuminate/Database/Migrations/Migrator.php(253): Illuminate\\Database\\Migrations\\Migrator->runMigration()
#13 /home/sandeep/Documents/finpay/vendor/laravel/framework/src/Illuminate/Console/View/Components/Task.php(41): Illuminate\\Database\\Migrations\\Migrator->Illuminate\\Database\\Migrations\\{closure}()
#14 /home/sandeep/Documents/finpay/vendor/laravel/framework/src/Illuminate/Database/Migrations/Migrator.php(814): Illuminate\\Console\\View\\Components\\Task->render()
#15 /home/sandeep/Documents/finpay/vendor/laravel/framework/src/Illuminate/Database/Migrations/Migrator.php(253): Illuminate\\Database\\Migrations\\Migrator->write()
#16 /home/sandeep/Documents/finpay/vendor/laravel/framework/src/Illuminate/Database/Migrations/Migrator.php(211): Illuminate\\Database\\Migrations\\Migrator->runUp()
#17 /home/sandeep/Documents/finpay/vendor/laravel/framework/src/Illuminate/Database/Migrations/Migrator.php(138): Illuminate\\Database\\Migrations\\Migrator->runPending()
#18 /home/sandeep/Documents/finpay/vendor/laravel/framework/src/Illuminate/Database/Console/Migrations/MigrateCommand.php(116): Illuminate\\Database\\Migrations\\Migrator->run()
#19 /home/sandeep/Documents/finpay/vendor/laravel/framework/src/Illuminate/Database/Migrations/Migrator.php(671): Illuminate\\Database\\Console\\Migrations\\MigrateCommand->Illuminate\\Database\\Console\\Migrations\\{closure}()
#20 /home/sandeep/Documents/finpay/vendor/laravel/framework/src/Illuminate/Database/Console/Migrations/MigrateCommand.php(109): Illuminate\\Database\\Migrations\\Migrator->usingConnection()
#21 /home/sandeep/Documents/finpay/vendor/laravel/framework/src/Illuminate/Database/Console/Migrations/MigrateCommand.php(88): Illuminate\\Database\\Console\\Migrations\\MigrateCommand->runMigrations()
#22 /home/sandeep/Documents/finpay/vendor/laravel/framework/src/Illuminate/Container/BoundMethod.php(36): Illuminate\\Database\\Console\\Migrations\\MigrateCommand->handle()
#23 /home/sandeep/Documents/finpay/vendor/laravel/framework/src/Illuminate/Container/Util.php(43): Illuminate\\Container\\BoundMethod::Illuminate\\Container\\{closure}()
#24 /home/sandeep/Documents/finpay/vendor/laravel/framework/src/Illuminate/Container/BoundMethod.php(96): Illuminate\\Container\\Util::unwrapIfClosure()
#25 /home/sandeep/Documents/finpay/vendor/laravel/framework/src/Illuminate/Container/BoundMethod.php(35): Illuminate\\Container\\BoundMethod::callBoundMethod()
#26 /home/sandeep/Documents/finpay/vendor/laravel/framework/src/Illuminate/Container/Container.php(799): Illuminate\\Container\\BoundMethod::call()
#27 /home/sandeep/Documents/finpay/vendor/laravel/framework/src/Illuminate/Console/Command.php(211): Illuminate\\Container\\Container->call()
#28 /home/sandeep/Documents/finpay/vendor/symfony/console/Command/Command.php(341): Illuminate\\Console\\Command->execute()
#29 /home/sandeep/Documents/finpay/vendor/laravel/framework/src/Illuminate/Console/Command.php(180): Symfony\\Component\\Console\\Command\\Command->run()
#30 /home/sandeep/Documents/finpay/vendor/symfony/console/Application.php(1117): Illuminate\\Console\\Command->run()
#31 /home/sandeep/Documents/finpay/vendor/symfony/console/Application.php(356): Symfony\\Component\\Console\\Application->doRunCommand()
#32 /home/sandeep/Documents/finpay/vendor/symfony/console/Application.php(195): Symfony\\Component\\Console\\Application->doRun()
#33 /home/sandeep/Documents/finpay/vendor/laravel/framework/src/Illuminate/Foundation/Console/Kernel.php(198): Symfony\\Component\\Console\\Application->run()
#34 /home/sandeep/Documents/finpay/artisan(14): Illuminate\\Foundation\\Console\\Kernel->handle()
#35 {main}
"} 
[2026-08-20 13:24:10] local.ERROR: Symfony\Component\Console\Application::renderThrowable(): Argument #2 ($output) must be of type Symfony\Component\Console\Output\OutputInterface, null given, called in /home/sandeep/Documents/finpay/vendor/laravel/framework/src/Illuminate/Foundation/Exceptions/Handler.php on line 1059 {"exception":"[object] (TypeError(code: 0): Symfony\\Component\\Console\\Application::renderThrowable(): Argument #2 ($output) must be of type Symfony\\Component\\Console\\Output\\OutputInterface, null given, called in /home/sandeep/Documents/finpay/vendor/laravel/framework/src/Illuminate/Foundation/Exceptions/Handler.php on line 1059 at /home/sandeep/Documents/finpay/vendor/symfony/console/Application.php:890)
[stacktrace]
#0 /home/sandeep/Documents/finpay/vendor/laravel/framework/src/Illuminate/Foundation/Exceptions/Handler.php(1059): Symfony\\Component\\Console\\Application->renderThrowable()
#1 /home/sandeep/Documents/finpay/vendor/laravel/framework/src/Illuminate/Foundation/Console/Kernel.php(653): Illuminate\\Foundation\\Exceptions\\Handler->renderForConsole()
#2 /home/sandeep/Documents/finpay/vendor/laravel/framework/src/Illuminate/Foundation/Console/Kernel.php(202): Illuminate\\Foundation\\Console\\Kernel->renderException()
#3 /home/sandeep/Documents/finpay/artisan(14): Illuminate\\Foundation\\Console\\Kernel->handle()
#4 {main}
"} 
[2026-08-20 13:30:22] local.ERROR: SQLSTATE[HY000] [2002] Connection refused (Connection: mysql, Host: 127.0.0.1, Port: 3306, Database: finpay, SQL: select exists (select 1 from information_schema.tables where table_schema = schema() and table_name = 'migrations' and table_type in ('BASE TABLE', 'SYSTEM VERSIONED')) as `exists`) {"exception":"[object] (Illuminate\\Database\\QueryException(code: 2002): SQLSTATE[HY000] [2002] Connection refused (Connection: mysql, Host: 127.0.0.1, Port: 3306, Database: finpay, SQL: select exists (select 1 from information_schema.tables where table_schema = schema() and table_name = 'migrations' and table_type in ('BASE TABLE', 'SYSTEM VERSIONED')) as `exists`) at /home/sandeep/Documents/finpay/vendor/laravel/framework/src/Illuminate/Database/Connection.php:838)
[stacktrace]
#0 /home/sandeep/Documents/finpay/vendor/laravel/framework/src/Illuminate/Database/Connection.php(999): Illuminate\\Database\\Connection->runQueryCallback()
#1 /home/sandeep/Documents/finpay/vendor/laravel/framework/src/Illuminate/Database/Connection.php(978): Illuminate\\Database\\Connection->tryAgainIfCausedByLostConnection()
#2 /home/sandeep/Documents/finpay/vendor/laravel/framework/src/Illuminate/Database/Connection.php(796): Illuminate\\Database\\Connection->handleQueryException()
#3 /home/sandeep/Documents/finpay/vendor/laravel/framework/src/Illuminate/Database/Connection.php(411): Illuminate\\Database\\Connection->run()
#4 /home/sandeep/Documents/finpay/vendor/laravel/framework/src/Illuminate/Database/Connection.php(357): Illuminate\\Database\\Connection->select()
#5 /home/sandeep/Documents/finpay/vendor/laravel/framework/src/Illuminate/Database/Connection.php(374): Illuminate\\Database\\Connection->selectOne()
#6 /home/sandeep/Documents/finpay/vendor/laravel/framework/src/Illuminate/Database/Schema/Builder.php(176): Illuminate\\Database\\Connection->scalar()
#7 /home/sandeep/Documents/finpay/vendor/laravel/framework/src/Illuminate/Database/Migrations/DatabaseMigrationRepository.php(185): Illuminate\\Database\\Schema\\Builder->hasTable()
#8 /home/sandeep/Documents/finpay/vendor/laravel/framework/src/Illuminate/Database/Migrations/Migrator.php(758): Illuminate\\Database\\Migrations\\DatabaseMigrationRepository->repositoryExists()
#9 /home/sandeep/Documents/finpay/vendor/laravel/framework/src/Illuminate/Database/Console/Migrations/MigrateCommand.php(164): Illuminate\\Database\\Migrations\\Migrator->repositoryExists()
#10 /home/sandeep/Documents/finpay/vendor/laravel/framework/src/Illuminate/Support/helpers.php(328): Illuminate\\Database\\Console\\Migrations\\MigrateCommand->Illuminate\\Database\\Console\\Migrations\\{closure}()
#11 /home/sandeep/Documents/finpay/vendor/laravel/framework/src/Illuminate/Database/Console/Migrations/MigrateCommand.php(164): retry()
#12 /home/sandeep/Documents/finpay/vendor/laravel/framework/src/Illuminate/Database/Console/Migrations/MigrateCommand.php(140): Illuminate\\Database\\Console\\Migrations\\MigrateCommand->repositoryExists()
#13 /home/sandeep/Documents/finpay/vendor/laravel/framework/src/Illuminate/Database/Console/Migrations/MigrateCommand.php(110): Illuminate\\Database\\Console\\Migrations\\MigrateCommand->prepareDatabase()
#14 /home/sandeep/Documents/finpay/vendor/laravel/framework/src/Illuminate/Database/Migrations/Migrator.php(671): Illuminate\\Database\\Console\\Migrations\\MigrateCommand->Illuminate\\Database\\Console\\Migrations\\{closure}()
#15 /home/sandeep/Documents/finpay/vendor/laravel/framework/src/Illuminate/Database/Console/Migrations/MigrateCommand.php(109): Illuminate\\Database\\Migrations\\Migrator->usingConnection()
#16 /home/sandeep/Documents/finpay/vendor/laravel/framework/src/Illuminate/Database/Console/Migrations/MigrateCommand.php(88): Illuminate\\Database\\Console\\Migrations\\MigrateCommand->runMigrations()
#17 /home/sandeep/Documents/finpay/vendor/laravel/framework/src/Illuminate/Container/BoundMethod.php(36): Illuminate\\Database\\Console\\Migrations\\MigrateCommand->handle()
#18 /home/sandeep/Documents/finpay/vendor/laravel/framework/src/Illuminate/Container/Util.php(43): Illuminate\\Container\\BoundMethod::Illuminate\\Container\\{closure}()
#19 /home/sandeep/Documents/finpay/vendor/laravel/framework/src/Illuminate/Container/BoundMethod.php(96): Illuminate\\Container\\Util::unwrapIfClosure()
#20 /home/sandeep/Documents/finpay/vendor/laravel/framework/src/Illuminate/Container/BoundMethod.php(35): Illuminate\\Container\\BoundMethod::callBoundMethod()
#21 /home/sandeep/Documents/finpay/vendor/laravel/framework/src/Illuminate/Container/Container.php(799): Illuminate\\Container\\BoundMethod::call()
#22 /home/sandeep/Documents/finpay/vendor/laravel/framework/src/Illuminate/Console/Command.php(211): Illuminate\\Container\\Container->call()
#23 /home/sandeep/Documents/finpay/vendor/symfony/console/Command/Command.php(341): Illuminate\\Console\\Command->execute()
#24 /home/sandeep/Documents/finpay/vendor/laravel/framework/src/Illuminate/Console/Command.php(180): Symfony\\Component\\Console\\Command\\Command->run()
#25 /home/sandeep/Documents/finpay/vendor/symfony/console/Application.php(1117): Illuminate\\Console\\Command->run()
#26 /home/sandeep/Documents/finpay/vendor/symfony/console/Application.php(356): Symfony\\Component\\Console\\Application->doRunCommand()
#27 /home/sandeep/Documents/finpay/vendor/symfony/console/Application.php(195): Symfony\\Component\\Console\\Application->doRun()
#28 /home/sandeep/Documents/finpay/vendor/laravel/framework/src/Illuminate/Foundation/Console/Kernel.php(198): Symfony\\Component\\Console\\Application->run()
#29 /home/sandeep/Documents/finpay/artisan(14): Illuminate\\Foundation\\Console\\Kernel->handle()
#30 {main}

[previous exception] [object] (PDOException(code: 2002): SQLSTATE[HY000] [2002] Connection refused at /home/sandeep/Documents/finpay/vendor/laravel/framework/src/Illuminate/Database/Connectors/Connector.php:66)
[stacktrace]
#0 /home/sandeep/Documents/finpay/vendor/laravel/framework/src/Illuminate/Database/Connectors/Connector.php(66): PDO->__construct()
#1 /home/sandeep/Documents/finpay/vendor/laravel/framework/src/Illuminate/Database/Connectors/Connector.php(85): Illuminate\\Database\\Connectors\\Connector->createPdoConnection()
#2 /home/sandeep/Documents/finpay/vendor/laravel/framework/src/Illuminate/Database/Connectors/Connector.php(48): Illuminate\\Database\\Connectors\\Connector->tryAgainIfCausedByLostConnection()
#3 /home/sandeep/Documents/finpay/vendor/laravel/framework/src/Illuminate/Database/Connectors/MySqlConnector.php(24): Illuminate\\Database\\Connectors\\Connector->createConnection()
#4 /home/sandeep/Documents/finpay/vendor/laravel/framework/src/Illuminate/Database/Connectors/ConnectionFactory.php(186): Illuminate\\Database\\Connectors\\MySqlConnector->connect()
#5 [internal function]: Illuminate\\Database\\Connectors\\ConnectionFactory->Illuminate\\Database\\Connectors\\{closure}()
#6 /home/sandeep/Documents/finpay/vendor/laravel/framework/src/Illuminate/Database/Connection.php(1257): call_user_func()
#7 /home/sandeep/Documents/finpay/vendor/laravel/framework/src/Illuminate/Database/Connection.php(1295): Illuminate\\Database\\Connection->getPdo()
#8 /home/sandeep/Documents/finpay/vendor/laravel/framework/src/Illuminate/Database/Connection.php(525): Illuminate\\Database\\Connection->getReadPdo()
#9 /home/sandeep/Documents/finpay/vendor/laravel/framework/src/Illuminate/Database/Connection.php(420): Illuminate\\Database\\Connection->getPdoForSelect()
#10 /home/sandeep/Documents/finpay/vendor/laravel/framework/src/Illuminate/Database/Connection.php(827): Illuminate\\Database\\Connection->Illuminate\\Database\\{closure}()
#11 /home/sandeep/Documents/finpay/vendor/laravel/framework/src/Illuminate/Database/Connection.php(999): Illuminate\\Database\\Connection->runQueryCallback()
#12 /home/sandeep/Documents/finpay/vendor/laravel/framework/src/Illuminate/Database/Connection.php(978): Illuminate\\Database\\Connection->tryAgainIfCausedByLostConnection()
#13 /home/sandeep/Documents/finpay/vendor/laravel/framework/src/Illuminate/Database/Connection.php(796): Illuminate\\Database\\Connection->handleQueryException()
#14 /home/sandeep/Documents/finpay/vendor/laravel/framework/src/Illuminate/Database/Connection.php(411): Illuminate\\Database\\Connection->run()
#15 /home/sandeep/Documents/finpay/vendor/laravel/framework/src/Illuminate/Database/Connection.php(357): Illuminate\\Database\\Connection->select()
#16 /home/sandeep/Documents/finpay/vendor/laravel/framework/src/Illuminate/Database/Connection.php(374): Illuminate\\Database\\Connection->selectOne()
#17 /home/sandeep/Documents/finpay/vendor/laravel/framework/src/Illuminate/Database/Schema/Builder.php(176): Illuminate\\Database\\Connection->scalar()
#18 /home/sandeep/Documents/finpay/vendor/laravel/framework/src/Illuminate/Database/Migrations/DatabaseMigrationRepository.php(185): Illuminate\\Database\\Schema\\Builder->hasTable()
#19 /home/sandeep/Documents/finpay/vendor/laravel/framework/src/Illuminate/Database/Migrations/Migrator.php(758): Illuminate\\Database\\Migrations\\DatabaseMigrationRepository->repositoryExists()
#20 /home/sandeep/Documents/finpay/vendor/laravel/framework/src/Illuminate/Database/Console/Migrations/MigrateCommand.php(164): Illuminate\\Database\\Migrations\\Migrator->repositoryExists()
#21 /home/sandeep/Documents/finpay/vendor/laravel/framework/src/Illuminate/Support/helpers.php(328): Illuminate\\Database\\Console\\Migrations\\MigrateCommand->Illuminate\\Database\\Console\\Migrations\\{closure}()
#22 /home/sandeep/Documents/finpay/vendor/laravel/framework/src/Illuminate/Database/Console/Migrations/MigrateCommand.php(164): retry()
#23 /home/sandeep/Documents/finpay/vendor/laravel/framework/src/Illuminate/Database/Console/Migrations/MigrateCommand.php(140): Illuminate\\Database\\Console\\Migrations\\MigrateCommand->repositoryExists()
#24 /home/sandeep/Documents/finpay/vendor/laravel/framework/src/Illuminate/Database/Console/Migrations/MigrateCommand.php(110): Illuminate\\Database\\Console\\Migrations\\MigrateCommand->prepareDatabase()
#25 /home/sandeep/Documents/finpay/vendor/laravel/framework/src/Illuminate/Database/Migrations/Migrator.php(671): Illuminate\\Database\\Console\\Migrations\\MigrateCommand->Illuminate\\Database\\Console\\Migrations\\{closure}()
#26 /home/sandeep/Documents/finpay/vendor/laravel/framework/src/Illuminate/Database/Console/Migrations/MigrateCommand.php(109): Illuminate\\Database\\Migrations\\Migrator->usingConnection()
#27 /home/sandeep/Documents/finpay/vendor/laravel/framework/src/Illuminate/Database/Console/Migrations/MigrateCommand.php(88): Illuminate\\Database\\Console\\Migrations\\MigrateCommand->runMigrations()
#28 /home/sandeep/Documents/finpay/vendor/laravel/framework/src/Illuminate/Container/BoundMethod.php(36): Illuminate\\Database\\Console\\Migrations\\MigrateCommand->handle()
#29 /home/sandeep/Documents/finpay/vendor/laravel/framework/src/Illuminate/Container/Util.php(43): Illuminate\\Container\\BoundMethod::Illuminate\\Container\\{closure}()
#30 /home/sandeep/Documents/finpay/vendor/laravel/framework/src/Illuminate/Container/BoundMethod.php(96): Illuminate\\Container\\Util::unwrapIfClosure()
#31 /home/sandeep/Documents/finpay/vendor/laravel/framework/src/Illuminate/Container/BoundMethod.php(35): Illuminate\\Container\\BoundMethod::callBoundMethod()
#32 /home/sandeep/Documents/finpay/vendor/laravel/framework/src/Illuminate/Container/Container.php(799): Illuminate\\Container\\BoundMethod::call()
#33 /home/sandeep/Documents/finpay/vendor/laravel/framework/src/Illuminate/Console/Command.php(211): Illuminate\\Container\\Container->call()
#34 /home/sandeep/Documents/finpay/vendor/symfony/console/Command/Command.php(341): Illuminate\\Console\\Command->execute()
#35 /home/sandeep/Documents/finpay/vendor/laravel/framework/src/Illuminate/Console/Command.php(180): Symfony\\Component\\Console\\Command\\Command->run()
#36 /home/sandeep/Documents/finpay/vendor/symfony/console/Application.php(1117): Illuminate\\Console\\Command->run()
#37 /home/sandeep/Documents/finpay/vendor/symfony/console/Application.php(356): Symfony\\Component\\Console\\Application->doRunCommand()
#38 /home/sandeep/Documents/finpay/vendor/symfony/console/Application.php(195): Symfony\\Component\\Console\\Application->doRun()
#39 /home/sandeep/Documents/finpay/vendor/laravel/framework/src/Illuminate/Foundation/Console/Kernel.php(198): Symfony\\Component\\Console\\Application->run()
#40 /home/sandeep/Documents/finpay/artisan(14): Illuminate\\Foundation\\Console\\Kernel->handle()
#41 {main}
"} 
[2026-08-20 13:30:22] local.ERROR: Symfony\Component\Console\Application::renderThrowable(): Argument #2 ($output) must be of type Symfony\Component\Console\Output\OutputInterface, null given, called in /home/sandeep/Documents/finpay/vendor/laravel/framework/src/Illuminate/Foundation/Exceptions/Handler.php on line 1059 {"exception":"[object] (TypeError(code: 0): Symfony\\Component\\Console\\Application::renderThrowable(): Argument #2 ($output) must be of type Symfony\\Component\\Console\\Output\\OutputInterface, null given, called in /home/sandeep/Documents/finpay/vendor/laravel/framework/src/Illuminate/Foundation/Exceptions/Handler.php on line 1059 at /home/sandeep/Documents/finpay/vendor/symfony/console/Application.php:890)
[stacktrace]
#0 /home/sandeep/Documents/finpay/vendor/laravel/framework/src/Illuminate/Foundation/Exceptions/Handler.php(1059): Symfony\\Component\\Console\\Application->renderThrowable()
#1 /home/sandeep/Documents/finpay/vendor/laravel/framework/src/Illuminate/Foundation/Console/Kernel.php(653): Illuminate\\Foundation\\Exceptions\\Handler->renderForConsole()
#2 /home/sandeep/Documents/finpay/vendor/laravel/framework/src/Illuminate/Foundation/Console/Kernel.php(202): Illuminate\\Foundation\\Console\\Kernel->renderException()
#3 /home/sandeep/Documents/finpay/artisan(14): Illuminate\\Foundation\\Console\\Kernel->handle()
#4 {main}
"} 
[2026-08-21 10:02:37] local.ERROR: Route [login] not defined. {"exception":"[object] (Symfony\\Component\\Routing\\Exception\\RouteNotFoundException(code: 0): Route [login] not defined. at /home/sandeep/Documents/finpay/vendor/laravel/framework/src/Illuminate/Routing/UrlGenerator.php:536)
[stacktrace]
#0 /home/sandeep/Documents/finpay/vendor/laravel/framework/src/Illuminate/Foundation/helpers.php(870): Illuminate\\Routing\\UrlGenerator->route()
#1 /home/sandeep/Documents/finpay/vendor/laravel/framework/src/Illuminate/Foundation/Configuration/ApplicationBuilder.php(278): route()
#2 [internal function]: Illuminate\\Foundation\\Configuration\\ApplicationBuilder->Illuminate\\Foundation\\Configuration\\{closure}()
#3 /home/sandeep/Documents/finpay/vendor/laravel/framework/src/Illuminate/Auth/Middleware/Authenticate.php(117): call_user_func()
#4 /home/sandeep/Documents/finpay/vendor/laravel/framework/src/Illuminate/Auth/Middleware/Authenticate.php(104): Illuminate\\Auth\\Middleware\\Authenticate->redirectTo()
#5 /home/sandeep/Documents/finpay/vendor/laravel/framework/src/Illuminate/Auth/Middleware/Authenticate.php(87): Illuminate\\Auth\\Middleware\\Authenticate->unauthenticated()
#6 /home/sandeep/Documents/finpay/vendor/laravel/framework/src/Illuminate/Auth/Middleware/Authenticate.php(61): Illuminate\\Auth\\Middleware\\Authenticate->authenticate()
#7 /home/sandeep/Documents/finpay/vendor/laravel/framework/src/Illuminate/Pipeline/Pipeline.php(219): Illuminate\\Auth\\Middleware\\Authenticate->handle()
#8 /home/sandeep/Documents/finpay/vendor/laravel/framework/src/Illuminate/Foundation/Http/Middleware/VerifyCsrfToken.php(87): Illuminate\\Pipeline\\Pipeline->Illuminate\\Pipeline\\{closure}()
#9 /home/sandeep/Documents/finpay/vendor/laravel/framework/src/Illuminate/Pipeline/Pipeline.php(219): Illuminate\\Foundation\\Http\\Middleware\\VerifyCsrfToken->handle()
#10 /home/sandeep/Documents/finpay/vendor/laravel/framework/src/Illuminate/View/Middleware/ShareErrorsFromSession.php(48): Illuminate\\Pipeline\\Pipeline->Illuminate\\Pipeline\\{closure}()
#11 /home/sandeep/Documents/finpay/vendor/laravel/framework/src/Illuminate/Pipeline/Pipeline.php(219): Illuminate\\View\\Middleware\\ShareErrorsFromSession->handle()
#12 /home/sandeep/Documents/finpay/vendor/laravel/framework/src/Illuminate/Session/Middleware/StartSession.php(120): Illuminate\\Pipeline\\Pipeline->Illuminate\\Pipeline\\{closure}()
#13 /home/sandeep/Documents/finpay/vendor/laravel/framework/src/Illuminate/Session/Middleware/StartSession.php(63): Illuminate\\Session\\Middleware\\StartSession->handleStatefulRequest()
#14 /home/sandeep/Documents/finpay/vendor/laravel/framework/src/Illuminate/Pipeline/Pipeline.php(219): Illuminate\\Session\\Middleware\\StartSession->handle()
#15 /home/sandeep/Documents/finpay/vendor/laravel/framework/src/Illuminate/Cookie/Middleware/AddQueuedCookiesToResponse.php(36): Illuminate\\Pipeline\\Pipeline->Illuminate\\Pipeline\\{closure}()
#16 /home/sandeep/Documents/finpay/vendor/laravel/framework/src/Illuminate/Pipeline/Pipeline.php(219): Illuminate\\Cookie\\Middleware\\AddQueuedCookiesToResponse->handle()
#17 /home/sandeep/Documents/finpay/vendor/laravel/framework/src/Illuminate/Cookie/Middleware/EncryptCookies.php(74): Illuminate\\Pipeline\\Pipeline->Illuminate\\Pipeline\\{closure}()
#18 /home/sandeep/Documents/finpay/vendor/laravel/framework/src/Illuminate/Pipeline/Pipeline.php(219): Illuminate\\Cookie\\Middleware\\EncryptCookies->handle()
#19 /home/sandeep/Documents/finpay/vendor/laravel/framework/src/Illuminate/Pipeline/Pipeline.php(137): Illuminate\\Pipeline\\Pipeline->Illuminate\\Pipeline\\{closure}()
#20 /home/sandeep/Documents/finpay/vendor/laravel/framework/src/Illuminate/Routing/Router.php(821): Illuminate\\Pipeline\\Pipeline->then()
#21 /home/sandeep/Documents/finpay/vendor/laravel/framework/src/Illuminate/Routing/Router.php(800): Illuminate\\Routing\\Router->runRouteWithinStack()
#22 /home/sandeep/Documents/finpay/vendor/laravel/framework/src/Illuminate/Routing/Router.php(764): Illuminate\\Routing\\Router->runRoute()
#23 /home/sandeep/Documents/finpay/vendor/laravel/framework/src/Illuminate/Routing/Router.php(753): Illuminate\\Routing\\Router->dispatchToRoute()
#24 /home/sandeep/Documents/finpay/vendor/laravel/framework/src/Illuminate/Foundation/Http/Kernel.php(200): Illuminate\\Routing\\Router->dispatch()
#25 /home/sandeep/Documents/finpay/vendor/laravel/framework/src/Illuminate/Pipeline/Pipeline.php(180): Illuminate\\Foundation\\Http\\Kernel->Illuminate\\Foundation\\Http\\{closure}()
#26 /home/sandeep/Documents/finpay/vendor/livewire/livewire/src/Features/SupportDisablingBackButtonCache/DisableBackButtonCacheMiddleware.php(19): Illuminate\\Pipeline\\Pipeline->Illuminate\\Pipeline\\{closure}()
#27 /home/sandeep/Documents/finpay/vendor/laravel/framework/src/Illuminate/Pipeline/Pipeline.php(219): Livewire\\Features\\SupportDisablingBackButtonCache\\DisableBackButtonCacheMiddleware->handle()
#28 /home/sandeep/Documents/finpay/vendor/laravel/framework/src/Illuminate/Foundation/Http/Middleware/TransformsRequest.php(21): Illuminate\\Pipeline\\Pipeline->Illuminate\\Pipeline\\{closure}()
#29 /home/sandeep/Documents/finpay/vendor/laravel/framework/src/Illuminate/Foundation/Http/Middleware/ConvertEmptyStringsToNull.php(31): Illuminate\\Foundation\\Http\\Middleware\\TransformsRequest->handle()
#30 /home/sandeep/Documents/finpay/vendor/laravel/framework/src/Illuminate/Pipeline/Pipeline.php(219): Illuminate\\Foundation\\Http\\Middleware\\ConvertEmptyStringsToNull->handle()
#31 /home/sandeep/Documents/finpay/vendor/laravel/framework/src/Illuminate/Foundation/Http/Middleware/TransformsRequest.php(21): Illuminate\\Pipeline\\Pipeline->Illuminate\\Pipeline\\{closure}()
#32 /home/sandeep/Documents/finpay/vendor/laravel/framework/src/Illuminate/Foundation/Http/Middleware/TrimStrings.php(51): Illuminate\\Foundation\\Http\\Middleware\\TransformsRequest->handle()
#33 /home/sandeep/Documents/finpay/vendor/laravel/framework/src/Illuminate/Pipeline/Pipeline.php(219): Illuminate\\Foundation\\Http\\Middleware\\TrimStrings->handle()
#34 /home/sandeep/Documents/finpay/vendor/laravel/framework/src/Illuminate/Http/Middleware/ValidatePostSize.php(27): Illuminate\\Pipeline\\Pipeline->Illuminate\\Pipeline\\{closure}()
#35 /home/sandeep/Documents/finpay/vendor/laravel/framework/src/Illuminate/Pipeline/Pipeline.php(219): Illuminate\\Http\\Middleware\\ValidatePostSize->handle()
#36 /home/sandeep/Documents/finpay/vendor/laravel/framework/src/Illuminate/Foundation/Http/Middleware/PreventRequestsDuringMaintenance.php(109): Illuminate\\Pipeline\\Pipeline->Illuminate\\Pipeline\\{closure}()
#37 /home/sandeep/Documents/finpay/vendor/laravel/framework/src/Illuminate/Pipeline/Pipeline.php(219): Illuminate\\Foundation\\Http\\Middleware\\PreventRequestsDuringMaintenance->handle()
#38 /home/sandeep/Documents/finpay/vendor/laravel/framework/src/Illuminate/Http/Middleware/HandleCors.php(61): Illuminate\\Pipeline\\Pipeline->Illuminate\\Pipeline\\{closure}()
#39 /home/sandeep/Documents/finpay/vendor/laravel/framework/src/Illuminate/Pipeline/Pipeline.php(219): Illuminate\\Http\\Middleware\\HandleCors->handle()
#40 /home/sandeep/Documents/finpay/vendor/laravel/framework/src/Illuminate/Http/Middleware/TrustProxies.php(58): Illuminate\\Pipeline\\Pipeline->Illuminate\\Pipeline\\{closure}()
#41 /home/sandeep/Documents/finpay/vendor/laravel/framework/src/Illuminate/Pipeline/Pipeline.php(219): Illuminate\\Http\\Middleware\\TrustProxies->handle()
#42 /home/sandeep/Documents/finpay/vendor/laravel/framework/src/Illuminate/Foundation/Http/Middleware/InvokeDeferredCallbacks.php(22): Illuminate\\Pipeline\\Pipeline->Illuminate\\Pipeline\\{closure}()
#43 /home/sandeep/Documents/finpay/vendor/laravel/framework/src/Illuminate/Pipeline/Pipeline.php(219): Illuminate\\Foundation\\Http\\Middleware\\InvokeDeferredCallbacks->handle()
#44 /home/sandeep/Documents/finpay/vendor/laravel/framework/src/Illuminate/Http/Middleware/ValidatePathEncoding.php(26): Illuminate\\Pipeline\\Pipeline->Illuminate\\Pipeline\\{closure}()
#45 /home/sandeep/Documents/finpay/vendor/laravel/framework/src/Illuminate/Pipeline/Pipeline.php(219): Illuminate\\Http\\Middleware\\ValidatePathEncoding->handle()
#46 /home/sandeep/Documents/finpay/vendor/laravel/framework/src/Illuminate/Pipeline/Pipeline.php(137): Illuminate\\Pipeline\\Pipeline->Illuminate\\Pipeline\\{closure}()
#47 /home/sandeep/Documents/finpay/vendor/laravel/framework/src/Illuminate/Foundation/Http/Kernel.php(175): Illuminate\\Pipeline\\Pipeline->then()
#48 /home/sandeep/Documents/finpay/vendor/laravel/framework/src/Illuminate/Foundation/Http/Kernel.php(144): Illuminate\\Foundation\\Http\\Kernel->sendRequestThroughRouter()
#49 /home/sandeep/Documents/finpay/vendor/laravel/framework/src/Illuminate/Foundation/Application.php(1220): Illuminate\\Foundation\\Http\\Kernel->handle()
#50 /home/sandeep/Documents/finpay/public/index.php(19): Illuminate\\Foundation\\Application->handleRequest()
#51 /home/sandeep/Documents/finpay/vendor/laravel/framework/src/Illuminate/Foundation/resources/server.php(23): require_once('...')
#52 {main}
"} 
[2026-08-21 10:27:59] local.ERROR: SQLSTATE[42S02]: Base table or view not found: 1146 Table 'finpay.banks' doesn't exist (Connection: mysql, Host: 127.0.0.1, Port: 3306, Database: finpay, SQL: select count(*) as aggregate from `banks`) {"userId":1,"exception":"[object] (Illuminate\\Database\\QueryException(code: 42S02): SQLSTATE[42S02]: Base table or view not found: 1146 Table 'finpay.banks' doesn't exist (Connection: mysql, Host: 127.0.0.1, Port: 3306, Database: finpay, SQL: select count(*) as aggregate from `banks`) at /home/sandeep/Documents/finpay/vendor/laravel/framework/src/Illuminate/Database/Connection.php:838)
[stacktrace]
#0 /home/sandeep/Documents/finpay/vendor/laravel/framework/src/Illuminate/Database/Connection.php(794): Illuminate\\Database\\Connection->runQueryCallback()
#1 /home/sandeep/Documents/finpay/vendor/laravel/framework/src/Illuminate/Database/Connection.php(411): Illuminate\\Database\\Connection->run()
#2 /home/sandeep/Documents/finpay/vendor/laravel/framework/src/Illuminate/Database/Query/Builder.php(3505): Illuminate\\Database\\Connection->select()
#3 /home/sandeep/Documents/finpay/vendor/laravel/framework/src/Illuminate/Database/Query/Builder.php(3490): Illuminate\\Database\\Query\\Builder->runSelect()
#4 /home/sandeep/Documents/finpay/vendor/laravel/framework/src/Illuminate/Database/Query/Builder.php(4080): Illuminate\\Database\\Query\\Builder->Illuminate\\Database\\Query\\{closure}()
#5 /home/sandeep/Documents/finpay/vendor/laravel/framework/src/Illuminate/Database/Query/Builder.php(3489): Illuminate\\Database\\Query\\Builder->onceWithColumns()
#6 /home/sandeep/Documents/finpay/vendor/laravel/framework/src/Illuminate/Database/Query/Builder.php(3684): Illuminate\\Database\\Query\\Builder->get()
#7 /home/sandeep/Documents/finpay/vendor/laravel/framework/src/Illuminate/Database/Query/Builder.php(3643): Illuminate\\Database\\Query\\Builder->runPaginationCountQuery()
#8 /home/sandeep/Documents/finpay/vendor/laravel/framework/src/Illuminate/Database/Eloquent/Builder.php(1120): Illuminate\\Database\\Query\\Builder->getCountForPagination()
#9 /home/sandeep/Documents/finpay/app/Livewire/Admin/Banks.php(220): Illuminate\\Database\\Eloquent\\Builder->paginate()
#10 /home/sandeep/Documents/finpay/vendor/laravel/framework/src/Illuminate/Container/BoundMethod.php(36): App\\Livewire\\Admin\\Banks->render()
#11 /home/sandeep/Documents/finpay/vendor/laravel/framework/src/Illuminate/Container/Util.php(43): Illuminate\\Container\\BoundMethod::Illuminate\\Container\\{closure}()
#12 /home/sandeep/Documents/finpay/vendor/laravel/framework/src/Illuminate/Container/BoundMethod.php(96): Illuminate\\Container\\Util::unwrapIfClosure()
#13 /home/sandeep/Documents/finpay/vendor/laravel/framework/src/Illuminate/Container/BoundMethod.php(35): Illuminate\\Container\\BoundMethod::callBoundMethod()
#14 /home/sandeep/Documents/finpay/vendor/livewire/livewire/src/Wrapped.php(23): Illuminate\\Container\\BoundMethod::call()
#15 /home/sandeep/Documents/finpay/vendor/livewire/livewire/src/Mechanisms/HandleComponents/HandleComponents.php(312): Livewire\\Wrapped->__call()
#16 /home/sandeep/Documents/finpay/vendor/livewire/livewire/src/Mechanisms/HandleComponents/HandleComponents.php(272): Livewire\\Mechanisms\\HandleComponents\\HandleComponents->getView()
#17 /home/sandeep/Documents/finpay/vendor/livewire/livewire/src/Mechanisms/HandleComponents/HandleComponents.php(54): Livewire\\Mechanisms\\HandleComponents\\HandleComponents->render()
#18 /home/sandeep/Documents/finpay/vendor/livewire/livewire/src/LivewireManager.php(73): Livewire\\Mechanisms\\HandleComponents\\HandleComponents->mount()
#19 /home/sandeep/Documents/finpay/vendor/livewire/livewire/src/Features/SupportPageComponents/HandlesPageComponents.php(17): Livewire\\LivewireManager->mount()
#20 /home/sandeep/Documents/finpay/vendor/livewire/livewire/src/Features/SupportPageComponents/SupportPageComponents.php(117): Livewire\\Component->Livewire\\Features\\SupportPageComponents\\{closure}()
#21 /home/sandeep/Documents/finpay/vendor/livewire/livewire/src/Features/SupportPageComponents/HandlesPageComponents.php(14): Livewire\\Features\\SupportPageComponents\\SupportPageComponents::interceptTheRenderOfTheComponentAndRetreiveTheLayoutConfiguration()
#22 /home/sandeep/Documents/finpay/vendor/laravel/framework/src/Illuminate/Routing/ControllerDispatcher.php(46): Livewire\\Component->__invoke()
#23 /home/sandeep/Documents/finpay/vendor/laravel/framework/src/Illuminate/Routing/Route.php(265): Illuminate\\Routing\\ControllerDispatcher->dispatch()
#24 /home/sandeep/Documents/finpay/vendor/laravel/framework/src/Illuminate/Routing/Route.php(211): Illuminate\\Routing\\Route->runController()
#25 /home/sandeep/Documents/finpay/vendor/laravel/framework/src/Illuminate/Routing/Router.php(822): Illuminate\\Routing\\Route->run()
#26 /home/sandeep/Documents/finpay/vendor/laravel/framework/src/Illuminate/Pipeline/Pipeline.php(180): Illuminate\\Routing\\Router->Illuminate\\Routing\\{closure}()
#27 /home/sandeep/Documents/finpay/app/Http/Middleware/EnsureAdminModule.php(26): Illuminate\\Pipeline\\Pipeline->Illuminate\\Pipeline\\{closure}()
#28 /home/sandeep/Documents/finpay/vendor/laravel/framework/src/Illuminate/Pipeline/Pipeline.php(219): App\\Http\\Middleware\\EnsureAdminModule->handle()
#29 /home/sandeep/Documents/finpay/vendor/laravel/framework/src/Illuminate/Routing/Middleware/SubstituteBindings.php(50): Illuminate\\Pipeline\\Pipeline->Illuminate\\Pipeline\\{closure}()
#30 /home/sandeep/Documents/finpay/vendor/laravel/framework/src/Illuminate/Pipeline/Pipeline.php(219): Illuminate\\Routing\\Middleware\\SubstituteBindings->handle()
#31 /home/sandeep/Documents/finpay/vendor/laravel/framework/src/Illuminate/Auth/Middleware/Authenticate.php(63): Illuminate\\Pipeline\\Pipeline->Illuminate\\Pipeline\\{closure}()
#32 /home/sandeep/Documents/finpay/vendor/laravel/framework/src/Illuminate/Pipeline/Pipeline.php(219): Illuminate\\Auth\\Middleware\\Authenticate->handle()
#33 /home/sandeep/Documents/finpay/vendor/laravel/framework/src/Illuminate/Foundation/Http/Middleware/VerifyCsrfToken.php(87): Illuminate\\Pipeline\\Pipeline->Illuminate\\Pipeline\\{closure}()
#34 /home/sandeep/Documents/finpay/vendor/laravel/framework/src/Illuminate/Pipeline/Pipeline.php(219): Illuminate\\Foundation\\Http\\Middleware\\VerifyCsrfToken->handle()
#35 /home/sandeep/Documents/finpay/vendor/laravel/framework/src/Illuminate/View/Middleware/ShareErrorsFromSession.php(48): Illuminate\\Pipeline\\Pipeline->Illuminate\\Pipeline\\{closure}()
#36 /home/sandeep/Documents/finpay/vendor/laravel/framework/src/Illuminate/Pipeline/Pipeline.php(219): Illuminate\\View\\Middleware\\ShareErrorsFromSession->handle()
#37 /home/sandeep/Documents/finpay/vendor/laravel/framework/src/Illuminate/Session/Middleware/StartSession.php(120): Illuminate\\Pipeline\\Pipeline->Illuminate\\Pipeline\\{closure}()
#38 /home/sandeep/Documents/finpay/vendor/laravel/framework/src/Illuminate/Session/Middleware/StartSession.php(63): Illuminate\\Session\\Middleware\\StartSession->handleStatefulRequest()
#39 /home/sandeep/Documents/finpay/vendor/laravel/framework/src/Illuminate/Pipeline/Pipeline.php(219): Illuminate\\Session\\Middleware\\StartSession->handle()
#40 /home/sandeep/Documents/finpay/vendor/laravel/framework/src/Illuminate/Cookie/Middleware/AddQueuedCookiesToResponse.php(36): Illuminate\\Pipeline\\Pipeline->Illuminate\\Pipeline\\{closure}()
#41 /home/sandeep/Documents/finpay/vendor/laravel/framework/src/Illuminate/Pipeline/Pipeline.php(219): Illuminate\\Cookie\\Middleware\\AddQueuedCookiesToResponse->handle()
#42 /home/sandeep/Documents/finpay/vendor/laravel/framework/src/Illuminate/Cookie/Middleware/EncryptCookies.php(74): Illuminate\\Pipeline\\Pipeline->Illuminate\\Pipeline\\{closure}()
#43 /home/sandeep/Documents/finpay/vendor/laravel/framework/src/Illuminate/Pipeline/Pipeline.php(219): Illuminate\\Cookie\\Middleware\\EncryptCookies->handle()
#44 /home/sandeep/Documents/finpay/vendor/laravel/framework/src/Illuminate/Pipeline/Pipeline.php(137): Illuminate\\Pipeline\\Pipeline->Illuminate\\Pipeline\\{closure}()
#45 /home/sandeep/Documents/finpay/vendor/laravel/framework/src/Illuminate/Routing/Router.php(821): Illuminate\\Pipeline\\Pipeline->then()
#46 /home/sandeep/Documents/finpay/vendor/laravel/framework/src/Illuminate/Routing/Router.php(800): Illuminate\\Routing\\Router->runRouteWithinStack()
#47 /home/sandeep/Documents/finpay/vendor/laravel/framework/src/Illuminate/Routing/Router.php(764): Illuminate\\Routing\\Router->runRoute()
#48 /home/sandeep/Documents/finpay/vendor/laravel/framework/src/Illuminate/Routing/Router.php(753): Illuminate\\Routing\\Router->dispatchToRoute()
#49 /home/sandeep/Documents/finpay/vendor/laravel/framework/src/Illuminate/Foundation/Http/Kernel.php(200): Illuminate\\Routing\\Router->dispatch()
#50 /home/sandeep/Documents/finpay/vendor/laravel/framework/src/Illuminate/Pipeline/Pipeline.php(180): Illuminate\\Foundation\\Http\\Kernel->Illuminate\\Foundation\\Http\\{closure}()
#51 /home/sandeep/Documents/finpay/vendor/livewire/livewire/src/Features/SupportDisablingBackButtonCache/DisableBackButtonCacheMiddleware.php(19): Illuminate\\Pipeline\\Pipeline->Illuminate\\Pipeline\\{closure}()
#52 /home/sandeep/Documents/finpay/vendor/laravel/framework/src/Illuminate/Pipeline/Pipeline.php(219): Livewire\\Features\\SupportDisablingBackButtonCache\\DisableBackButtonCacheMiddleware->handle()
#53 /home/sandeep/Documents/finpay/vendor/laravel/framework/src/Illuminate/Foundation/Http/Middleware/TransformsRequest.php(21): Illuminate\\Pipeline\\Pipeline->Illuminate\\Pipeline\\{closure}()
#54 /home/sandeep/Documents/finpay/vendor/laravel/framework/src/Illuminate/Foundation/Http/Middleware/ConvertEmptyStringsToNull.php(31): Illuminate\\Foundation\\Http\\Middleware\\TransformsRequest->handle()
#55 /home/sandeep/Documents/finpay/vendor/laravel/framework/src/Illuminate/Pipeline/Pipeline.php(219): Illuminate\\Foundation\\Http\\Middleware\\ConvertEmptyStringsToNull->handle()
#56 /home/sandeep/Documents/finpay/vendor/laravel/framework/src/Illuminate/Foundation/Http/Middleware/TransformsRequest.php(21): Illuminate\\Pipeline\\Pipeline->Illuminate\\Pipeline\\{closure}()
#57 /home/sandeep/Documents/finpay/vendor/laravel/framework/src/Illuminate/Foundation/Http/Middleware/TrimStrings.php(51): Illuminate\\Foundation\\Http\\Middleware\\TransformsRequest->handle()
#58 /home/sandeep/Documents/finpay/vendor/laravel/framework/src/Illuminate/Pipeline/Pipeline.php(219): Illuminate\\Foundation\\Http\\Middleware\\TrimStrings->handle()
#59 /home/sandeep/Documents/finpay/vendor/laravel/framework/src/Illuminate/Http/Middleware/ValidatePostSize.php(27): Illuminate\\Pipeline\\Pipeline->Illuminate\\Pipeline\\{closure}()
#60 /home/sandeep/Documents/finpay/vendor/laravel/framework/src/Illuminate/Pipeline/Pipeline.php(219): Illuminate\\Http\\Middleware\\ValidatePostSize->handle()
#61 /home/sandeep/Documents/finpay/vendor/laravel/framework/src/Illuminate/Foundation/Http/Middleware/PreventRequestsDuringMaintenance.php(109): Illuminate\\Pipeline\\Pipeline->Illuminate\\Pipeline\\{closure}()
#62 /home/sandeep/Documents/finpay/vendor/laravel/framework/src/Illuminate/Pipeline/Pipeline.php(219): Illuminate\\Foundation\\Http\\Middleware\\PreventRequestsDuringMaintenance->handle()
#63 /home/sandeep/Documents/finpay/vendor/laravel/framework/src/Illuminate/Http/Middleware/HandleCors.php(61): Illuminate\\Pipeline\\Pipeline->Illuminate\\Pipeline\\{closure}()
#64 /home/sandeep/Documents/finpay/vendor/laravel/framework/src/Illuminate/Pipeline/Pipeline.php(219): Illuminate\\Http\\Middleware\\HandleCors->handle()
#65 /home/sandeep/Documents/finpay/vendor/laravel/framework/src/Illuminate/Http/Middleware/TrustProxies.php(58): Illuminate\\Pipeline\\Pipeline->Illuminate\\Pipeline\\{closure}()
#66 /home/sandeep/Documents/finpay/vendor/laravel/framework/src/Illuminate/Pipeline/Pipeline.php(219): Illuminate\\Http\\Middleware\\TrustProxies->handle()
#67 /home/sandeep/Documents/finpay/vendor/laravel/framework/src/Illuminate/Foundation/Http/Middleware/InvokeDeferredCallbacks.php(22): Illuminate\\Pipeline\\Pipeline->Illuminate\\Pipeline\\{closure}()
#68 /home/sandeep/Documents/finpay/vendor/laravel/framework/src/Illuminate/Pipeline/Pipeline.php(219): Illuminate\\Foundation\\Http\\Middleware\\InvokeDeferredCallbacks->handle()
#69 /home/sandeep/Documents/finpay/vendor/laravel/framework/src/Illuminate/Http/Middleware/ValidatePathEncoding.php(26): Illuminate\\Pipeline\\Pipeline->Illuminate\\Pipeline\\{closure}()
#70 /home/sandeep/Documents/finpay/vendor/laravel/framework/src/Illuminate/Pipeline/Pipeline.php(219): Illuminate\\Http\\Middleware\\ValidatePathEncoding->handle()
#71 /home/sandeep/Documents/finpay/vendor/laravel/framework/src/Illuminate/Pipeline/Pipeline.php(137): Illuminate\\Pipeline\\Pipeline->Illuminate\\Pipeline\\{closure}()
#72 /home/sandeep/Documents/finpay/vendor/laravel/framework/src/Illuminate/Foundation/Http/Kernel.php(175): Illuminate\\Pipeline\\Pipeline->then()
#73 /home/sandeep/Documents/finpay/vendor/laravel/framework/src/Illuminate/Foundation/Http/Kernel.php(144): Illuminate\\Foundation\\Http\\Kernel->sendRequestThroughRouter()
#74 /home/sandeep/Documents/finpay/vendor/laravel/framework/src/Illuminate/Foundation/Application.php(1220): Illuminate\\Foundation\\Http\\Kernel->handle()
#75 /home/sandeep/Documents/finpay/public/index.php(19): Illuminate\\Foundation\\Application->handleRequest()
#76 /home/sandeep/Documents/finpay/vendor/laravel/framework/src/Illuminate/Foundation/resources/server.php(23): require_once('...')
#77 {main}

[previous exception] [object] (PDOException(code: 42S02): SQLSTATE[42S02]: Base table or view not found: 1146 Table 'finpay.banks' doesn't exist at /home/sandeep/Documents/finpay/vendor/laravel/framework/src/Illuminate/Database/Connection.php:420)
[stacktrace]
#0 /home/sandeep/Documents/finpay/vendor/laravel/framework/src/Illuminate/Database/Connection.php(420): PDO->prepare()
#1 /home/sandeep/Documents/finpay/vendor/laravel/framework/src/Illuminate/Database/Connection.php(827): Illuminate\\Database\\Connection->Illuminate\\Database\\{closure}()
#2 /home/sandeep/Documents/finpay/vendor/laravel/framework/src/Illuminate/Database/Connection.php(794): Illuminate\\Database\\Connection->runQueryCallback()
#3 /home/sandeep/Documents/finpay/vendor/laravel/framework/src/Illuminate/Database/Connection.php(411): Illuminate\\Database\\Connection->run()
#4 /home/sandeep/Documents/finpay/vendor/laravel/framework/src/Illuminate/Database/Query/Builder.php(3505): Illuminate\\Database\\Connection->select()
#5 /home/sandeep/Documents/finpay/vendor/laravel/framework/src/Illuminate/Database/Query/Builder.php(3490): Illuminate\\Database\\Query\\Builder->runSelect()
#6 /home/sandeep/Documents/finpay/vendor/laravel/framework/src/Illuminate/Database/Query/Builder.php(4080): Illuminate\\Database\\Query\\Builder->Illuminate\\Database\\Query\\{closure}()
#7 /home/sandeep/Documents/finpay/vendor/laravel/framework/src/Illuminate/Database/Query/Builder.php(3489): Illuminate\\Database\\Query\\Builder->onceWithColumns()
#8 /home/sandeep/Documents/finpay/vendor/laravel/framework/src/Illuminate/Database/Query/Builder.php(3684): Illuminate\\Database\\Query\\Builder->get()
#9 /home/sandeep/Documents/finpay/vendor/laravel/framework/src/Illuminate/Database/Query/Builder.php(3643): Illuminate\\Database\\Query\\Builder->runPaginationCountQuery()
#10 /home/sandeep/Documents/finpay/vendor/laravel/framework/src/Illuminate/Database/Eloquent/Builder.php(1120): Illuminate\\Database\\Query\\Builder->getCountForPagination()
#11 /home/sandeep/Documents/finpay/app/Livewire/Admin/Banks.php(220): Illuminate\\Database\\Eloquent\\Builder->paginate()
#12 /home/sandeep/Documents/finpay/vendor/laravel/framework/src/Illuminate/Container/BoundMethod.php(36): App\\Livewire\\Admin\\Banks->render()
#13 /home/sandeep/Documents/finpay/vendor/laravel/framework/src/Illuminate/Container/Util.php(43): Illuminate\\Container\\BoundMethod::Illuminate\\Container\\{closure}()
#14 /home/sandeep/Documents/finpay/vendor/laravel/framework/src/Illuminate/Container/BoundMethod.php(96): Illuminate\\Container\\Util::unwrapIfClosure()
#15 /home/sandeep/Documents/finpay/vendor/laravel/framework/src/Illuminate/Container/BoundMethod.php(35): Illuminate\\Container\\BoundMethod::callBoundMethod()
#16 /home/sandeep/Documents/finpay/vendor/livewire/livewire/src/Wrapped.php(23): Illuminate\\Container\\BoundMethod::call()
#17 /home/sandeep/Documents/finpay/vendor/livewire/livewire/src/Mechanisms/HandleComponents/HandleComponents.php(312): Livewire\\Wrapped->__call()
#18 /home/sandeep/Documents/finpay/vendor/livewire/livewire/src/Mechanisms/HandleComponents/HandleComponents.php(272): Livewire\\Mechanisms\\HandleComponents\\HandleComponents->getView()
#19 /home/sandeep/Documents/finpay/vendor/livewire/livewire/src/Mechanisms/HandleComponents/HandleComponents.php(54): Livewire\\Mechanisms\\HandleComponents\\HandleComponents->render()
#20 /home/sandeep/Documents/finpay/vendor/livewire/livewire/src/LivewireManager.php(73): Livewire\\Mechanisms\\HandleComponents\\HandleComponents->mount()
#21 /home/sandeep/Documents/finpay/vendor/livewire/livewire/src/Features/SupportPageComponents/HandlesPageComponents.php(17): Livewire\\LivewireManager->mount()
#22 /home/sandeep/Documents/finpay/vendor/livewire/livewire/src/Features/SupportPageComponents/SupportPageComponents.php(117): Livewire\\Component->Livewire\\Features\\SupportPageComponents\\{closure}()
#23 /home/sandeep/Documents/finpay/vendor/livewire/livewire/src/Features/SupportPageComponents/HandlesPageComponents.php(14): Livewire\\Features\\SupportPageComponents\\SupportPageComponents::interceptTheRenderOfTheComponentAndRetreiveTheLayoutConfiguration()
#24 /home/sandeep/Documents/finpay/vendor/laravel/framework/src/Illuminate/Routing/ControllerDispatcher.php(46): Livewire\\Component->__invoke()
#25 /home/sandeep/Documents/finpay/vendor/laravel/framework/src/Illuminate/Routing/Route.php(265): Illuminate\\Routing\\ControllerDispatcher->dispatch()
#26 /home/sandeep/Documents/finpay/vendor/laravel/framework/src/Illuminate/Routing/Route.php(211): Illuminate\\Routing\\Route->runController()
#27 /home/sandeep/Documents/finpay/vendor/laravel/framework/src/Illuminate/Routing/Router.php(822): Illuminate\\Routing\\Route->run()
#28 /home/sandeep/Documents/finpay/vendor/laravel/framework/src/Illuminate/Pipeline/Pipeline.php(180): Illuminate\\Routing\\Router->Illuminate\\Routing\\{closure}()
#29 /home/sandeep/Documents/finpay/app/Http/Middleware/EnsureAdminModule.php(26): Illuminate\\Pipeline\\Pipeline->Illuminate\\Pipeline\\{closure}()
#30 /home/sandeep/Documents/finpay/vendor/laravel/framework/src/Illuminate/Pipeline/Pipeline.php(219): App\\Http\\Middleware\\EnsureAdminModule->handle()
#31 /home/sandeep/Documents/finpay/vendor/laravel/framework/src/Illuminate/Routing/Middleware/SubstituteBindings.php(50): Illuminate\\Pipeline\\Pipeline->Illuminate\\Pipeline\\{closure}()
#32 /home/sandeep/Documents/finpay/vendor/laravel/framework/src/Illuminate/Pipeline/Pipeline.php(219): Illuminate\\Routing\\Middleware\\SubstituteBindings->handle()
#33 /home/sandeep/Documents/finpay/vendor/laravel/framework/src/Illuminate/Auth/Middleware/Authenticate.php(63): Illuminate\\Pipeline\\Pipeline->Illuminate\\Pipeline\\{closure}()
#34 /home/sandeep/Documents/finpay/vendor/laravel/framework/src/Illuminate/Pipeline/Pipeline.php(219): Illuminate\\Auth\\Middleware\\Authenticate->handle()
#35 /home/sandeep/Documents/finpay/vendor/laravel/framework/src/Illuminate/Foundation/Http/Middleware/VerifyCsrfToken.php(87): Illuminate\\Pipeline\\Pipeline->Illuminate\\Pipeline\\{closure}()
#36 /home/sandeep/Documents/finpay/vendor/laravel/framework/src/Illuminate/Pipeline/Pipeline.php(219): Illuminate\\Foundation\\Http\\Middleware\\VerifyCsrfToken->handle()
#37 /home/sandeep/Documents/finpay/vendor/laravel/framework/src/Illuminate/View/Middleware/ShareErrorsFromSession.php(48): Illuminate\\Pipeline\\Pipeline->Illuminate\\Pipeline\\{closure}()
#38 /home/sandeep/Documents/finpay/vendor/laravel/framework/src/Illuminate/Pipeline/Pipeline.php(219): Illuminate\\View\\Middleware\\ShareErrorsFromSession->handle()
#39 /home/sandeep/Documents/finpay/vendor/laravel/framework/src/Illuminate/Session/Middleware/StartSession.php(120): Illuminate\\Pipeline\\Pipeline->Illuminate\\Pipeline\\{closure}()
#40 /home/sandeep/Documents/finpay/vendor/laravel/framework/src/Illuminate/Session/Middleware/StartSession.php(63): Illuminate\\Session\\Middleware\\StartSession->handleStatefulRequest()
#41 /home/sandeep/Documents/finpay/vendor/laravel/framework/src/Illuminate/Pipeline/Pipeline.php(219): Illuminate\\Session\\Middleware\\StartSession->handle()
#42 /home/sandeep/Documents/finpay/vendor/laravel/framework/src/Illuminate/Cookie/Middleware/AddQueuedCookiesToResponse.php(36): Illuminate\\Pipeline\\Pipeline->Illuminate\\Pipeline\\{closure}()
#43 /home/sandeep/Documents/finpay/vendor/laravel/framework/src/Illuminate/Pipeline/Pipeline.php(219): Illuminate\\Cookie\\Middleware\\AddQueuedCookiesToResponse->handle()
#44 /home/sandeep/Documents/finpay/vendor/laravel/framework/src/Illuminate/Cookie/Middleware/EncryptCookies.php(74): Illuminate\\Pipeline\\Pipeline->Illuminate\\Pipeline\\{closure}()
#45 /home/sandeep/Documents/finpay/vendor/laravel/framework/src/Illuminate/Pipeline/Pipeline.php(219): Illuminate\\Cookie\\Middleware\\EncryptCookies->handle()
#46 /home/sandeep/Documents/finpay/vendor/laravel/framework/src/Illuminate/Pipeline/Pipeline.php(137): Illuminate\\Pipeline\\Pipeline->Illuminate\\Pipeline\\{closure}()
#47 /home/sandeep/Documents/finpay/vendor/laravel/framework/src/Illuminate/Routing/Router.php(821): Illuminate\\Pipeline\\Pipeline->then()
#48 /home/sandeep/Documents/finpay/vendor/laravel/framework/src/Illuminate/Routing/Router.php(800): Illuminate\\Routing\\Router->runRouteWithinStack()
#49 /home/sandeep/Documents/finpay/vendor/laravel/framework/src/Illuminate/Routing/Router.php(764): Illuminate\\Routing\\Router->runRoute()
#50 /home/sandeep/Documents/finpay/vendor/laravel/framework/src/Illuminate/Routing/Router.php(753): Illuminate\\Routing\\Router->dispatchToRoute()
#51 /home/sandeep/Documents/finpay/vendor/laravel/framework/src/Illuminate/Foundation/Http/Kernel.php(200): Illuminate\\Routing\\Router->dispatch()
#52 /home/sandeep/Documents/finpay/vendor/laravel/framework/src/Illuminate/Pipeline/Pipeline.php(180): Illuminate\\Foundation\\Http\\Kernel->Illuminate\\Foundation\\Http\\{closure}()
#53 /home/sandeep/Documents/finpay/vendor/livewire/livewire/src/Features/SupportDisablingBackButtonCache/DisableBackButtonCacheMiddleware.php(19): Illuminate\\Pipeline\\Pipeline->Illuminate\\Pipeline\\{closure}()
#54 /home/sandeep/Documents/finpay/vendor/laravel/framework/src/Illuminate/Pipeline/Pipeline.php(219): Livewire\\Features\\SupportDisablingBackButtonCache\\DisableBackButtonCacheMiddleware->handle()
#55 /home/sandeep/Documents/finpay/vendor/laravel/framework/src/Illuminate/Foundation/Http/Middleware/TransformsRequest.php(21): Illuminate\\Pipeline\\Pipeline->Illuminate\\Pipeline\\{closure}()
#56 /home/sandeep/Documents/finpay/vendor/laravel/framework/src/Illuminate/Foundation/Http/Middleware/ConvertEmptyStringsToNull.php(31): Illuminate\\Foundation\\Http\\Middleware\\TransformsRequest->handle()
#57 /home/sandeep/Documents/finpay/vendor/laravel/framework/src/Illuminate/Pipeline/Pipeline.php(219): Illuminate\\Foundation\\Http\\Middleware\\ConvertEmptyStringsToNull->handle()
#58 /home/sandeep/Documents/finpay/vendor/laravel/framework/src/Illuminate/Foundation/Http/Middleware/TransformsRequest.php(21): Illuminate\\Pipeline\\Pipeline->Illuminate\\Pipeline\\{closure}()
#59 /home/sandeep/Documents/finpay/vendor/laravel/framework/src/Illuminate/Foundation/Http/Middleware/TrimStrings.php(51): Illuminate\\Foundation\\Http\\Middleware\\TransformsRequest->handle()
#60 /home/sandeep/Documents/finpay/vendor/laravel/framework/src/Illuminate/Pipeline/Pipeline.php(219): Illuminate\\Foundation\\Http\\Middleware\\TrimStrings->handle()
#61 /home/sandeep/Documents/finpay/vendor/laravel/framework/src/Illuminate/Http/Middleware/ValidatePostSize.php(27): Illuminate\\Pipeline\\Pipeline->Illuminate\\Pipeline\\{closure}()
#62 /home/sandeep/Documents/finpay/vendor/laravel/framework/src/Illuminate/Pipeline/Pipeline.php(219): Illuminate\\Http\\Middleware\\ValidatePostSize->handle()
#63 /home/sandeep/Documents/finpay/vendor/laravel/framework/src/Illuminate/Foundation/Http/Middleware/PreventRequestsDuringMaintenance.php(109): Illuminate\\Pipeline\\Pipeline->Illuminate\\Pipeline\\{closure}()
#64 /home/sandeep/Documents/finpay/vendor/laravel/framework/src/Illuminate/Pipeline/Pipeline.php(219): Illuminate\\Foundation\\Http\\Middleware\\PreventRequestsDuringMaintenance->handle()
#65 /home/sandeep/Documents/finpay/vendor/laravel/framework/src/Illuminate/Http/Middleware/HandleCors.php(61): Illuminate\\Pipeline\\Pipeline->Illuminate\\Pipeline\\{closure}()
#66 /home/sandeep/Documents/finpay/vendor/laravel/framework/src/Illuminate/Pipeline/Pipeline.php(219): Illuminate\\Http\\Middleware\\HandleCors->handle()
#67 /home/sandeep/Documents/finpay/vendor/laravel/framework/src/Illuminate/Http/Middleware/TrustProxies.php(58): Illuminate\\Pipeline\\Pipeline->Illuminate\\Pipeline\\{closure}()
#68 /home/sandeep/Documents/finpay/vendor/laravel/framework/src/Illuminate/Pipeline/Pipeline.php(219): Illuminate\\Http\\Middleware\\TrustProxies->handle()
#69 /home/sandeep/Documents/finpay/vendor/laravel/framework/src/Illuminate/Foundation/Http/Middleware/InvokeDeferredCallbacks.php(22): Illuminate\\Pipeline\\Pipeline->Illuminate\\Pipeline\\{closure}()
#70 /home/sandeep/Documents/finpay/vendor/laravel/framework/src/Illuminate/Pipeline/Pipeline.php(219): Illuminate\\Foundation\\Http\\Middleware\\InvokeDeferredCallbacks->handle()
#71 /home/sandeep/Documents/finpay/vendor/laravel/framework/src/Illuminate/Http/Middleware/ValidatePathEncoding.php(26): Illuminate\\Pipeline\\Pipeline->Illuminate\\Pipeline\\{closure}()
#72 /home/sandeep/Documents/finpay/vendor/laravel/framework/src/Illuminate/Pipeline/Pipeline.php(219): Illuminate\\Http\\Middleware\\ValidatePathEncoding->handle()
#73 /home/sandeep/Documents/finpay/vendor/laravel/framework/src/Illuminate/Pipeline/Pipeline.php(137): Illuminate\\Pipeline\\Pipeline->Illuminate\\Pipeline\\{closure}()
#74 /home/sandeep/Documents/finpay/vendor/laravel/framework/src/Illuminate/Foundation/Http/Kernel.php(175): Illuminate\\Pipeline\\Pipeline->then()
#75 /home/sandeep/Documents/finpay/vendor/laravel/framework/src/Illuminate/Foundation/Http/Kernel.php(144): Illuminate\\Foundation\\Http\\Kernel->sendRequestThroughRouter()
#76 /home/sandeep/Documents/finpay/vendor/laravel/framework/src/Illuminate/Foundation/Application.php(1220): Illuminate\\Foundation\\Http\\Kernel->handle()
#77 /home/sandeep/Documents/finpay/public/index.php(19): Illuminate\\Foundation\\Application->handleRequest()
#78 /home/sandeep/Documents/finpay/vendor/laravel/framework/src/Illuminate/Foundation/resources/server.php(23): require_once('...')
#79 {main}
"} 
[2026-08-21 10:38:58] local.ERROR: SQLSTATE[42S02]: Base table or view not found: 1146 Table 'finpay.bank_api_endpoints' doesn't exist (Connection: mysql, Host: 127.0.0.1, Port: 3306, Database: finpay, SQL: select `banks`.*, (select count(*) from `vendors` inner join `vendor_banks` on `vendors`.`id` = `vendor_banks`.`vendor_id` where `banks`.`id` = `vendor_banks`.`bank_id`) as `vendors_count`, (select count(*) from `bank_api_endpoints` where `banks`.`id` = `bank_api_endpoints`.`bank_id`) as `api_endpoints_count` from `banks` order by `created_at` desc limit 12 offset 0) {"userId":1,"exception":"[object] (Illuminate\\Database\\QueryException(code: 42S02): SQLSTATE[42S02]: Base table or view not found: 1146 Table 'finpay.bank_api_endpoints' doesn't exist (Connection: mysql, Host: 127.0.0.1, Port: 3306, Database: finpay, SQL: select `banks`.*, (select count(*) from `vendors` inner join `vendor_banks` on `vendors`.`id` = `vendor_banks`.`vendor_id` where `banks`.`id` = `vendor_banks`.`bank_id`) as `vendors_count`, (select count(*) from `bank_api_endpoints` where `banks`.`id` = `bank_api_endpoints`.`bank_id`) as `api_endpoints_count` from `banks` order by `created_at` desc limit 12 offset 0) at /home/sandeep/Documents/finpay/vendor/laravel/framework/src/Illuminate/Database/Connection.php:838)
[stacktrace]
#0 /home/sandeep/Documents/finpay/vendor/laravel/framework/src/Illuminate/Database/Connection.php(794): Illuminate\\Database\\Connection->runQueryCallback()
#1 /home/sandeep/Documents/finpay/vendor/laravel/framework/src/Illuminate/Database/Connection.php(411): Illuminate\\Database\\Connection->run()
#2 /home/sandeep/Documents/finpay/vendor/laravel/framework/src/Illuminate/Database/Query/Builder.php(3505): Illuminate\\Database\\Connection->select()
#3 /home/sandeep/Documents/finpay/vendor/laravel/framework/src/Illuminate/Database/Query/Builder.php(3490): Illuminate\\Database\\Query\\Builder->runSelect()
#4 /home/sandeep/Documents/finpay/vendor/laravel/framework/src/Illuminate/Database/Query/Builder.php(4080): Illuminate\\Database\\Query\\Builder->Illuminate\\Database\\Query\\{closure}()
#5 /home/sandeep/Documents/finpay/vendor/laravel/framework/src/Illuminate/Database/Query/Builder.php(3489): Illuminate\\Database\\Query\\Builder->onceWithColumns()
#6 /home/sandeep/Documents/finpay/vendor/laravel/framework/src/Illuminate/Database/Eloquent/Builder.php(902): Illuminate\\Database\\Query\\Builder->get()
#7 /home/sandeep/Documents/finpay/vendor/laravel/framework/src/Illuminate/Database/Eloquent/Builder.php(884): Illuminate\\Database\\Eloquent\\Builder->getModels()
#8 /home/sandeep/Documents/finpay/vendor/laravel/framework/src/Illuminate/Database/Eloquent/Builder.php(1125): Illuminate\\Database\\Eloquent\\Builder->get()
#9 /home/sandeep/Documents/finpay/app/Livewire/Admin/Banks.php(408): Illuminate\\Database\\Eloquent\\Builder->paginate()
#10 /home/sandeep/Documents/finpay/vendor/laravel/framework/src/Illuminate/Container/BoundMethod.php(36): App\\Livewire\\Admin\\Banks->render()
#11 /home/sandeep/Documents/finpay/vendor/laravel/framework/src/Illuminate/Container/Util.php(43): Illuminate\\Container\\BoundMethod::Illuminate\\Container\\{closure}()
#12 /home/sandeep/Documents/finpay/vendor/laravel/framework/src/Illuminate/Container/BoundMethod.php(96): Illuminate\\Container\\Util::unwrapIfClosure()
#13 /home/sandeep/Documents/finpay/vendor/laravel/framework/src/Illuminate/Container/BoundMethod.php(35): Illuminate\\Container\\BoundMethod::callBoundMethod()
#14 /home/sandeep/Documents/finpay/vendor/livewire/livewire/src/Wrapped.php(23): Illuminate\\Container\\BoundMethod::call()
#15 /home/sandeep/Documents/finpay/vendor/livewire/livewire/src/Mechanisms/HandleComponents/HandleComponents.php(312): Livewire\\Wrapped->__call()
#16 /home/sandeep/Documents/finpay/vendor/livewire/livewire/src/Mechanisms/HandleComponents/HandleComponents.php(272): Livewire\\Mechanisms\\HandleComponents\\HandleComponents->getView()
#17 /home/sandeep/Documents/finpay/vendor/livewire/livewire/src/Mechanisms/HandleComponents/HandleComponents.php(127): Livewire\\Mechanisms\\HandleComponents\\HandleComponents->render()
#18 /home/sandeep/Documents/finpay/vendor/livewire/livewire/src/LivewireManager.php(102): Livewire\\Mechanisms\\HandleComponents\\HandleComponents->update()
#19 /home/sandeep/Documents/finpay/vendor/livewire/livewire/src/Mechanisms/HandleRequests/HandleRequests.php(144): Livewire\\LivewireManager->update()
#20 /home/sandeep/Documents/finpay/vendor/laravel/framework/src/Illuminate/Routing/ControllerDispatcher.php(46): Livewire\\Mechanisms\\HandleRequests\\HandleRequests->handleUpdate()
#21 /home/sandeep/Documents/finpay/vendor/laravel/framework/src/Illuminate/Routing/Route.php(265): Illuminate\\Routing\\ControllerDispatcher->dispatch()
#22 /home/sandeep/Documents/finpay/vendor/laravel/framework/src/Illuminate/Routing/Route.php(211): Illuminate\\Routing\\Route->runController()
#23 /home/sandeep/Documents/finpay/vendor/laravel/framework/src/Illuminate/Routing/Router.php(822): Illuminate\\Routing\\Route->run()
#24 /home/sandeep/Documents/finpay/vendor/laravel/framework/src/Illuminate/Pipeline/Pipeline.php(180): Illuminate\\Routing\\Router->Illuminate\\Routing\\{closure}()
#25 /home/sandeep/Documents/finpay/vendor/laravel/framework/src/Illuminate/Routing/Middleware/SubstituteBindings.php(50): Illuminate\\Pipeline\\Pipeline->Illuminate\\Pipeline\\{closure}()
#26 /home/sandeep/Documents/finpay/vendor/laravel/framework/src/Illuminate/Pipeline/Pipeline.php(219): Illuminate\\Routing\\Middleware\\SubstituteBindings->handle()
#27 /home/sandeep/Documents/finpay/vendor/laravel/framework/src/Illuminate/Foundation/Http/Middleware/VerifyCsrfToken.php(87): Illuminate\\Pipeline\\Pipeline->Illuminate\\Pipeline\\{closure}()
#28 /home/sandeep/Documents/finpay/vendor/laravel/framework/src/Illuminate/Pipeline/Pipeline.php(219): Illuminate\\Foundation\\Http\\Middleware\\VerifyCsrfToken->handle()
#29 /home/sandeep/Documents/finpay/vendor/laravel/framework/src/Illuminate/View/Middleware/ShareErrorsFromSession.php(48): Illuminate\\Pipeline\\Pipeline->Illuminate\\Pipeline\\{closure}()
#30 /home/sandeep/Documents/finpay/vendor/laravel/framework/src/Illuminate/Pipeline/Pipeline.php(219): Illuminate\\View\\Middleware\\ShareErrorsFromSession->handle()
#31 /home/sandeep/Documents/finpay/vendor/laravel/framework/src/Illuminate/Session/Middleware/StartSession.php(120): Illuminate\\Pipeline\\Pipeline->Illuminate\\Pipeline\\{closure}()
#32 /home/sandeep/Documents/finpay/vendor/laravel/framework/src/Illuminate/Session/Middleware/StartSession.php(63): Illuminate\\Session\\Middleware\\StartSession->handleStatefulRequest()
#33 /home/sandeep/Documents/finpay/vendor/laravel/framework/src/Illuminate/Pipeline/Pipeline.php(219): Illuminate\\Session\\Middleware\\StartSession->handle()
#34 /home/sandeep/Documents/finpay/vendor/laravel/framework/src/Illuminate/Cookie/Middleware/AddQueuedCookiesToResponse.php(36): Illuminate\\Pipeline\\Pipeline->Illuminate\\Pipeline\\{closure}()
#35 /home/sandeep/Documents/finpay/vendor/laravel/framework/src/Illuminate/Pipeline/Pipeline.php(219): Illuminate\\Cookie\\Middleware\\AddQueuedCookiesToResponse->handle()
#36 /home/sandeep/Documents/finpay/vendor/laravel/framework/src/Illuminate/Cookie/Middleware/EncryptCookies.php(74): Illuminate\\Pipeline\\Pipeline->Illuminate\\Pipeline\\{closure}()
#37 /home/sandeep/Documents/finpay/vendor/laravel/framework/src/Illuminate/Pipeline/Pipeline.php(219): Illuminate\\Cookie\\Middleware\\EncryptCookies->handle()
#38 /home/sandeep/Documents/finpay/vendor/laravel/framework/src/Illuminate/Pipeline/Pipeline.php(137): Illuminate\\Pipeline\\Pipeline->Illuminate\\Pipeline\\{closure}()
#39 /home/sandeep/Documents/finpay/vendor/laravel/framework/src/Illuminate/Routing/Router.php(821): Illuminate\\Pipeline\\Pipeline->then()
#40 /home/sandeep/Documents/finpay/vendor/laravel/framework/src/Illuminate/Routing/Router.php(800): Illuminate\\Routing\\Router->runRouteWithinStack()
#41 /home/sandeep/Documents/finpay/vendor/laravel/framework/src/Illuminate/Routing/Router.php(764): Illuminate\\Routing\\Router->runRoute()
#42 /home/sandeep/Documents/finpay/vendor/laravel/framework/src/Illuminate/Routing/Router.php(753): Illuminate\\Routing\\Router->dispatchToRoute()
#43 /home/sandeep/Documents/finpay/vendor/laravel/framework/src/Illuminate/Foundation/Http/Kernel.php(200): Illuminate\\Routing\\Router->dispatch()
#44 /home/sandeep/Documents/finpay/vendor/laravel/framework/src/Illuminate/Pipeline/Pipeline.php(180): Illuminate\\Foundation\\Http\\Kernel->Illuminate\\Foundation\\Http\\{closure}()
#45 /home/sandeep/Documents/finpay/vendor/livewire/livewire/src/Features/SupportDisablingBackButtonCache/DisableBackButtonCacheMiddleware.php(19): Illuminate\\Pipeline\\Pipeline->Illuminate\\Pipeline\\{closure}()
#46 /home/sandeep/Documents/finpay/vendor/laravel/framework/src/Illuminate/Pipeline/Pipeline.php(219): Livewire\\Features\\SupportDisablingBackButtonCache\\DisableBackButtonCacheMiddleware->handle()
#47 /home/sandeep/Documents/finpay/vendor/laravel/framework/src/Illuminate/Foundation/Http/Middleware/ConvertEmptyStringsToNull.php(27): Illuminate\\Pipeline\\Pipeline->Illuminate\\Pipeline\\{closure}()
#48 /home/sandeep/Documents/finpay/vendor/laravel/framework/src/Illuminate/Pipeline/Pipeline.php(219): Illuminate\\Foundation\\Http\\Middleware\\ConvertEmptyStringsToNull->handle()
#49 /home/sandeep/Documents/finpay/vendor/laravel/framework/src/Illuminate/Foundation/Http/Middleware/TrimStrings.php(47): Illuminate\\Pipeline\\Pipeline->Illuminate\\Pipeline\\{closure}()
#50 /home/sandeep/Documents/finpay/vendor/laravel/framework/src/Illuminate/Pipeline/Pipeline.php(219): Illuminate\\Foundation\\Http\\Middleware\\TrimStrings->handle()
#51 /home/sandeep/Documents/finpay/vendor/laravel/framework/src/Illuminate/Http/Middleware/ValidatePostSize.php(27): Illuminate\\Pipeline\\Pipeline->Illuminate\\Pipeline\\{closure}()
#52 /home/sandeep/Documents/finpay/vendor/laravel/framework/src/Illuminate/Pipeline/Pipeline.php(219): Illuminate\\Http\\Middleware\\ValidatePostSize->handle()
#53 /home/sandeep/Documents/finpay/vendor/laravel/framework/src/Illuminate/Foundation/Http/Middleware/PreventRequestsDuringMaintenance.php(109): Illuminate\\Pipeline\\Pipeline->Illuminate\\Pipeline\\{closure}()
#54 /home/sandeep/Documents/finpay/vendor/laravel/framework/src/Illuminate/Pipeline/Pipeline.php(219): Illuminate\\Foundation\\Http\\Middleware\\PreventRequestsDuringMaintenance->handle()
#55 /home/sandeep/Documents/finpay/vendor/laravel/framework/src/Illuminate/Http/Middleware/HandleCors.php(61): Illuminate\\Pipeline\\Pipeline->Illuminate\\Pipeline\\{closure}()
#56 /home/sandeep/Documents/finpay/vendor/laravel/framework/src/Illuminate/Pipeline/Pipeline.php(219): Illuminate\\Http\\Middleware\\HandleCors->handle()
#57 /home/sandeep/Documents/finpay/vendor/laravel/framework/src/Illuminate/Http/Middleware/TrustProxies.php(58): Illuminate\\Pipeline\\Pipeline->Illuminate\\Pipeline\\{closure}()
#58 /home/sandeep/Documents/finpay/vendor/laravel/framework/src/Illuminate/Pipeline/Pipeline.php(219): Illuminate\\Http\\Middleware\\TrustProxies->handle()
#59 /home/sandeep/Documents/finpay/vendor/laravel/framework/src/Illuminate/Foundation/Http/Middleware/InvokeDeferredCallbacks.php(22): Illuminate\\Pipeline\\Pipeline->Illuminate\\Pipeline\\{closure}()
#60 /home/sandeep/Documents/finpay/vendor/laravel/framework/src/Illuminate/Pipeline/Pipeline.php(219): Illuminate\\Foundation\\Http\\Middleware\\InvokeDeferredCallbacks->handle()
#61 /home/sandeep/Documents/finpay/vendor/laravel/framework/src/Illuminate/Http/Middleware/ValidatePathEncoding.php(26): Illuminate\\Pipeline\\Pipeline->Illuminate\\Pipeline\\{closure}()
#62 /home/sandeep/Documents/finpay/vendor/laravel/framework/src/Illuminate/Pipeline/Pipeline.php(219): Illuminate\\Http\\Middleware\\ValidatePathEncoding->handle()
#63 /home/sandeep/Documents/finpay/vendor/laravel/framework/src/Illuminate/Pipeline/Pipeline.php(137): Illuminate\\Pipeline\\Pipeline->Illuminate\\Pipeline\\{closure}()
#64 /home/sandeep/Documents/finpay/vendor/laravel/framework/src/Illuminate/Foundation/Http/Kernel.php(175): Illuminate\\Pipeline\\Pipeline->then()
#65 /home/sandeep/Documents/finpay/vendor/laravel/framework/src/Illuminate/Foundation/Http/Kernel.php(144): Illuminate\\Foundation\\Http\\Kernel->sendRequestThroughRouter()
#66 /home/sandeep/Documents/finpay/vendor/laravel/framework/src/Illuminate/Foundation/Application.php(1220): Illuminate\\Foundation\\Http\\Kernel->handle()
#67 /home/sandeep/Documents/finpay/public/index.php(19): Illuminate\\Foundation\\Application->handleRequest()
#68 /home/sandeep/Documents/finpay/vendor/laravel/framework/src/Illuminate/Foundation/resources/server.php(23): require_once('...')
#69 {main}

[previous exception] [object] (PDOException(code: 42S02): SQLSTATE[42S02]: Base table or view not found: 1146 Table 'finpay.bank_api_endpoints' doesn't exist at /home/sandeep/Documents/finpay/vendor/laravel/framework/src/Illuminate/Database/Connection.php:420)
[stacktrace]
#0 /home/sandeep/Documents/finpay/vendor/laravel/framework/src/Illuminate/Database/Connection.php(420): PDO->prepare()
#1 /home/sandeep/Documents/finpay/vendor/laravel/framework/src/Illuminate/Database/Connection.php(827): Illuminate\\Database\\Connection->Illuminate\\Database\\{closure}()
#2 /home/sandeep/Documents/finpay/vendor/laravel/framework/src/Illuminate/Database/Connection.php(794): Illuminate\\Database\\Connection->runQueryCallback()
#3 /home/sandeep/Documents/finpay/vendor/laravel/framework/src/Illuminate/Database/Connection.php(411): Illuminate\\Database\\Connection->run()
#4 /home/sandeep/Documents/finpay/vendor/laravel/framework/src/Illuminate/Database/Query/Builder.php(3505): Illuminate\\Database\\Connection->select()
#5 /home/sandeep/Documents/finpay/vendor/laravel/framework/src/Illuminate/Database/Query/Builder.php(3490): Illuminate\\Database\\Query\\Builder->runSelect()
#6 /home/sandeep/Documents/finpay/vendor/laravel/framework/src/Illuminate/Database/Query/Builder.php(4080): Illuminate\\Database\\Query\\Builder->Illuminate\\Database\\Query\\{closure}()
#7 /home/sandeep/Documents/finpay/vendor/laravel/framework/src/Illuminate/Database/Query/Builder.php(3489): Illuminate\\Database\\Query\\Builder->onceWithColumns()
#8 /home/sandeep/Documents/finpay/vendor/laravel/framework/src/Illuminate/Database/Eloquent/Builder.php(902): Illuminate\\Database\\Query\\Builder->get()
#9 /home/sandeep/Documents/finpay/vendor/laravel/framework/src/Illuminate/Database/Eloquent/Builder.php(884): Illuminate\\Database\\Eloquent\\Builder->getModels()
#10 /home/sandeep/Documents/finpay/vendor/laravel/framework/src/Illuminate/Database/Eloquent/Builder.php(1125): Illuminate\\Database\\Eloquent\\Builder->get()
#11 /home/sandeep/Documents/finpay/app/Livewire/Admin/Banks.php(408): Illuminate\\Database\\Eloquent\\Builder->paginate()
#12 /home/sandeep/Documents/finpay/vendor/laravel/framework/src/Illuminate/Container/BoundMethod.php(36): App\\Livewire\\Admin\\Banks->render()
#13 /home/sandeep/Documents/finpay/vendor/laravel/framework/src/Illuminate/Container/Util.php(43): Illuminate\\Container\\BoundMethod::Illuminate\\Container\\{closure}()
#14 /home/sandeep/Documents/finpay/vendor/laravel/framework/src/Illuminate/Container/BoundMethod.php(96): Illuminate\\Container\\Util::unwrapIfClosure()
#15 /home/sandeep/Documents/finpay/vendor/laravel/framework/src/Illuminate/Container/BoundMethod.php(35): Illuminate\\Container\\BoundMethod::callBoundMethod()
#16 /home/sandeep/Documents/finpay/vendor/livewire/livewire/src/Wrapped.php(23): Illuminate\\Container\\BoundMethod::call()
#17 /home/sandeep/Documents/finpay/vendor/livewire/livewire/src/Mechanisms/HandleComponents/HandleComponents.php(312): Livewire\\Wrapped->__call()
#18 /home/sandeep/Documents/finpay/vendor/livewire/livewire/src/Mechanisms/HandleComponents/HandleComponents.php(272): Livewire\\Mechanisms\\HandleComponents\\HandleComponents->getView()
#19 /home/sandeep/Documents/finpay/vendor/livewire/livewire/src/Mechanisms/HandleComponents/HandleComponents.php(127): Livewire\\Mechanisms\\HandleComponents\\HandleComponents->render()
#20 /home/sandeep/Documents/finpay/vendor/livewire/livewire/src/LivewireManager.php(102): Livewire\\Mechanisms\\HandleComponents\\HandleComponents->update()
#21 /home/sandeep/Documents/finpay/vendor/livewire/livewire/src/Mechanisms/HandleRequests/HandleRequests.php(144): Livewire\\LivewireManager->update()
#22 /home/sandeep/Documents/finpay/vendor/laravel/framework/src/Illuminate/Routing/ControllerDispatcher.php(46): Livewire\\Mechanisms\\HandleRequests\\HandleRequests->handleUpdate()
#23 /home/sandeep/Documents/finpay/vendor/laravel/framework/src/Illuminate/Routing/Route.php(265): Illuminate\\Routing\\ControllerDispatcher->dispatch()
#24 /home/sandeep/Documents/finpay/vendor/laravel/framework/src/Illuminate/Routing/Route.php(211): Illuminate\\Routing\\Route->runController()
#25 /home/sandeep/Documents/finpay/vendor/laravel/framework/src/Illuminate/Routing/Router.php(822): Illuminate\\Routing\\Route->run()
#26 /home/sandeep/Documents/finpay/vendor/laravel/framework/src/Illuminate/Pipeline/Pipeline.php(180): Illuminate\\Routing\\Router->Illuminate\\Routing\\{closure}()
#27 /home/sandeep/Documents/finpay/vendor/laravel/framework/src/Illuminate/Routing/Middleware/SubstituteBindings.php(50): Illuminate\\Pipeline\\Pipeline->Illuminate\\Pipeline\\{closure}()
#28 /home/sandeep/Documents/finpay/vendor/laravel/framework/src/Illuminate/Pipeline/Pipeline.php(219): Illuminate\\Routing\\Middleware\\SubstituteBindings->handle()
#29 /home/sandeep/Documents/finpay/vendor/laravel/framework/src/Illuminate/Foundation/Http/Middleware/VerifyCsrfToken.php(87): Illuminate\\Pipeline\\Pipeline->Illuminate\\Pipeline\\{closure}()
#30 /home/sandeep/Documents/finpay/vendor/laravel/framework/src/Illuminate/Pipeline/Pipeline.php(219): Illuminate\\Foundation\\Http\\Middleware\\VerifyCsrfToken->handle()
#31 /home/sandeep/Documents/finpay/vendor/laravel/framework/src/Illuminate/View/Middleware/ShareErrorsFromSession.php(48): Illuminate\\Pipeline\\Pipeline->Illuminate\\Pipeline\\{closure}()
#32 /home/sandeep/Documents/finpay/vendor/laravel/framework/src/Illuminate/Pipeline/Pipeline.php(219): Illuminate\\View\\Middleware\\ShareErrorsFromSession->handle()
#33 /home/sandeep/Documents/finpay/vendor/laravel/framework/src/Illuminate/Session/Middleware/StartSession.php(120): Illuminate\\Pipeline\\Pipeline->Illuminate\\Pipeline\\{closure}()
#34 /home/sandeep/Documents/finpay/vendor/laravel/framework/src/Illuminate/Session/Middleware/StartSession.php(63): Illuminate\\Session\\Middleware\\StartSession->handleStatefulRequest()
#35 /home/sandeep/Documents/finpay/vendor/laravel/framework/src/Illuminate/Pipeline/Pipeline.php(219): Illuminate\\Session\\Middleware\\StartSession->handle()
#36 /home/sandeep/Documents/finpay/vendor/laravel/framework/src/Illuminate/Cookie/Middleware/AddQueuedCookiesToResponse.php(36): Illuminate\\Pipeline\\Pipeline->Illuminate\\Pipeline\\{closure}()
#37 /home/sandeep/Documents/finpay/vendor/laravel/framework/src/Illuminate/Pipeline/Pipeline.php(219): Illuminate\\Cookie\\Middleware\\AddQueuedCookiesToResponse->handle()
#38 /home/sandeep/Documents/finpay/vendor/laravel/framework/src/Illuminate/Cookie/Middleware/EncryptCookies.php(74): Illuminate\\Pipeline\\Pipeline->Illuminate\\Pipeline\\{closure}()
#39 /home/sandeep/Documents/finpay/vendor/laravel/framework/src/Illuminate/Pipeline/Pipeline.php(219): Illuminate\\Cookie\\Middleware\\EncryptCookies->handle()
#40 /home/sandeep/Documents/finpay/vendor/laravel/framework/src/Illuminate/Pipeline/Pipeline.php(137): Illuminate\\Pipeline\\Pipeline->Illuminate\\Pipeline\\{closure}()
#41 /home/sandeep/Documents/finpay/vendor/laravel/framework/src/Illuminate/Routing/Router.php(821): Illuminate\\Pipeline\\Pipeline->then()
#42 /home/sandeep/Documents/finpay/vendor/laravel/framework/src/Illuminate/Routing/Router.php(800): Illuminate\\Routing\\Router->runRouteWithinStack()
#43 /home/sandeep/Documents/finpay/vendor/laravel/framework/src/Illuminate/Routing/Router.php(764): Illuminate\\Routing\\Router->runRoute()
#44 /home/sandeep/Documents/finpay/vendor/laravel/framework/src/Illuminate/Routing/Router.php(753): Illuminate\\Routing\\Router->dispatchToRoute()
#45 /home/sandeep/Documents/finpay/vendor/laravel/framework/src/Illuminate/Foundation/Http/Kernel.php(200): Illuminate\\Routing\\Router->dispatch()
#46 /home/sandeep/Documents/finpay/vendor/laravel/framework/src/Illuminate/Pipeline/Pipeline.php(180): Illuminate\\Foundation\\Http\\Kernel->Illuminate\\Foundation\\Http\\{closure}()
#47 /home/sandeep/Documents/finpay/vendor/livewire/livewire/src/Features/SupportDisablingBackButtonCache/DisableBackButtonCacheMiddleware.php(19): Illuminate\\Pipeline\\Pipeline->Illuminate\\Pipeline\\{closure}()
#48 /home/sandeep/Documents/finpay/vendor/laravel/framework/src/Illuminate/Pipeline/Pipeline.php(219): Livewire\\Features\\SupportDisablingBackButtonCache\\DisableBackButtonCacheMiddleware->handle()
#49 /home/sandeep/Documents/finpay/vendor/laravel/framework/src/Illuminate/Foundation/Http/Middleware/ConvertEmptyStringsToNull.php(27): Illuminate\\Pipeline\\Pipeline->Illuminate\\Pipeline\\{closure}()
#50 /home/sandeep/Documents/finpay/vendor/laravel/framework/src/Illuminate/Pipeline/Pipeline.php(219): Illuminate\\Foundation\\Http\\Middleware\\ConvertEmptyStringsToNull->handle()
#51 /home/sandeep/Documents/finpay/vendor/laravel/framework/src/Illuminate/Foundation/Http/Middleware/TrimStrings.php(47): Illuminate\\Pipeline\\Pipeline->Illuminate\\Pipeline\\{closure}()
#52 /home/sandeep/Documents/finpay/vendor/laravel/framework/src/Illuminate/Pipeline/Pipeline.php(219): Illuminate\\Foundation\\Http\\Middleware\\TrimStrings->handle()
#53 /home/sandeep/Documents/finpay/vendor/laravel/framework/src/Illuminate/Http/Middleware/ValidatePostSize.php(27): Illuminate\\Pipeline\\Pipeline->Illuminate\\Pipeline\\{closure}()
#54 /home/sandeep/Documents/finpay/vendor/laravel/framework/src/Illuminate/Pipeline/Pipeline.php(219): Illuminate\\Http\\Middleware\\ValidatePostSize->handle()
#55 /home/sandeep/Documents/finpay/vendor/laravel/framework/src/Illuminate/Foundation/Http/Middleware/PreventRequestsDuringMaintenance.php(109): Illuminate\\Pipeline\\Pipeline->Illuminate\\Pipeline\\{closure}()
#56 /home/sandeep/Documents/finpay/vendor/laravel/framework/src/Illuminate/Pipeline/Pipeline.php(219): Illuminate\\Foundation\\Http\\Middleware\\PreventRequestsDuringMaintenance->handle()
#57 /home/sandeep/Documents/finpay/vendor/laravel/framework/src/Illuminate/Http/Middleware/HandleCors.php(61): Illuminate\\Pipeline\\Pipeline->Illuminate\\Pipeline\\{closure}()
#58 /home/sandeep/Documents/finpay/vendor/laravel/framework/src/Illuminate/Pipeline/Pipeline.php(219): Illuminate\\Http\\Middleware\\HandleCors->handle()
#59 /home/sandeep/Documents/finpay/vendor/laravel/framework/src/Illuminate/Http/Middleware/TrustProxies.php(58): Illuminate\\Pipeline\\Pipeline->Illuminate\\Pipeline\\{closure}()
#60 /home/sandeep/Documents/finpay/vendor/laravel/framework/src/Illuminate/Pipeline/Pipeline.php(219): Illuminate\\Http\\Middleware\\TrustProxies->handle()
#61 /home/sandeep/Documents/finpay/vendor/laravel/framework/src/Illuminate/Foundation/Http/Middleware/InvokeDeferredCallbacks.php(22): Illuminate\\Pipeline\\Pipeline->Illuminate\\Pipeline\\{closure}()
#62 /home/sandeep/Documents/finpay/vendor/laravel/framework/src/Illuminate/Pipeline/Pipeline.php(219): Illuminate\\Foundation\\Http\\Middleware\\InvokeDeferredCallbacks->handle()
#63 /home/sandeep/Documents/finpay/vendor/laravel/framework/src/Illuminate/Http/Middleware/ValidatePathEncoding.php(26): Illuminate\\Pipeline\\Pipeline->Illuminate\\Pipeline\\{closure}()
#64 /home/sandeep/Documents/finpay/vendor/laravel/framework/src/Illuminate/Pipeline/Pipeline.php(219): Illuminate\\Http\\Middleware\\ValidatePathEncoding->handle()
#65 /home/sandeep/Documents/finpay/vendor/laravel/framework/src/Illuminate/Pipeline/Pipeline.php(137): Illuminate\\Pipeline\\Pipeline->Illuminate\\Pipeline\\{closure}()
#66 /home/sandeep/Documents/finpay/vendor/laravel/framework/src/Illuminate/Foundation/Http/Kernel.php(175): Illuminate\\Pipeline\\Pipeline->then()
#67 /home/sandeep/Documents/finpay/vendor/laravel/framework/src/Illuminate/Foundation/Http/Kernel.php(144): Illuminate\\Foundation\\Http\\Kernel->sendRequestThroughRouter()
#68 /home/sandeep/Documents/finpay/vendor/laravel/framework/src/Illuminate/Foundation/Application.php(1220): Illuminate\\Foundation\\Http\\Kernel->handle()
#69 /home/sandeep/Documents/finpay/public/index.php(19): Illuminate\\Foundation\\Application->handleRequest()
#70 /home/sandeep/Documents/finpay/vendor/laravel/framework/src/Illuminate/Foundation/resources/server.php(23): require_once('...')
#71 {main}
"} 
[2026-08-21 10:39:08] local.ERROR: SQLSTATE[42S02]: Base table or view not found: 1146 Table 'finpay.bank_api_endpoints' doesn't exist (Connection: mysql, Host: 127.0.0.1, Port: 3306, Database: finpay, SQL: select `banks`.*, (select count(*) from `vendors` inner join `vendor_banks` on `vendors`.`id` = `vendor_banks`.`vendor_id` where `banks`.`id` = `vendor_banks`.`bank_id`) as `vendors_count`, (select count(*) from `bank_api_endpoints` where `banks`.`id` = `bank_api_endpoints`.`bank_id`) as `api_endpoints_count` from `banks` order by `created_at` desc limit 12 offset 0) {"userId":1,"exception":"[object] (Illuminate\\Database\\QueryException(code: 42S02): SQLSTATE[42S02]: Base table or view not found: 1146 Table 'finpay.bank_api_endpoints' doesn't exist (Connection: mysql, Host: 127.0.0.1, Port: 3306, Database: finpay, SQL: select `banks`.*, (select count(*) from `vendors` inner join `vendor_banks` on `vendors`.`id` = `vendor_banks`.`vendor_id` where `banks`.`id` = `vendor_banks`.`bank_id`) as `vendors_count`, (select count(*) from `bank_api_endpoints` where `banks`.`id` = `bank_api_endpoints`.`bank_id`) as `api_endpoints_count` from `banks` order by `created_at` desc limit 12 offset 0) at /home/sandeep/Documents/finpay/vendor/laravel/framework/src/Illuminate/Database/Connection.php:838)
[stacktrace]
#0 /home/sandeep/Documents/finpay/vendor/laravel/framework/src/Illuminate/Database/Connection.php(794): Illuminate\\Database\\Connection->runQueryCallback()
#1 /home/sandeep/Documents/finpay/vendor/laravel/framework/src/Illuminate/Database/Connection.php(411): Illuminate\\Database\\Connection->run()
#2 /home/sandeep/Documents/finpay/vendor/laravel/framework/src/Illuminate/Database/Query/Builder.php(3505): Illuminate\\Database\\Connection->select()
#3 /home/sandeep/Documents/finpay/vendor/laravel/framework/src/Illuminate/Database/Query/Builder.php(3490): Illuminate\\Database\\Query\\Builder->runSelect()
#4 /home/sandeep/Documents/finpay/vendor/laravel/framework/src/Illuminate/Database/Query/Builder.php(4080): Illuminate\\Database\\Query\\Builder->Illuminate\\Database\\Query\\{closure}()
#5 /home/sandeep/Documents/finpay/vendor/laravel/framework/src/Illuminate/Database/Query/Builder.php(3489): Illuminate\\Database\\Query\\Builder->onceWithColumns()
#6 /home/sandeep/Documents/finpay/vendor/laravel/framework/src/Illuminate/Database/Eloquent/Builder.php(902): Illuminate\\Database\\Query\\Builder->get()
#7 /home/sandeep/Documents/finpay/vendor/laravel/framework/src/Illuminate/Database/Eloquent/Builder.php(884): Illuminate\\Database\\Eloquent\\Builder->getModels()
#8 /home/sandeep/Documents/finpay/vendor/laravel/framework/src/Illuminate/Database/Eloquent/Builder.php(1125): Illuminate\\Database\\Eloquent\\Builder->get()
#9 /home/sandeep/Documents/finpay/app/Livewire/Admin/Banks.php(408): Illuminate\\Database\\Eloquent\\Builder->paginate()
#10 /home/sandeep/Documents/finpay/vendor/laravel/framework/src/Illuminate/Container/BoundMethod.php(36): App\\Livewire\\Admin\\Banks->render()
#11 /home/sandeep/Documents/finpay/vendor/laravel/framework/src/Illuminate/Container/Util.php(43): Illuminate\\Container\\BoundMethod::Illuminate\\Container\\{closure}()
#12 /home/sandeep/Documents/finpay/vendor/laravel/framework/src/Illuminate/Container/BoundMethod.php(96): Illuminate\\Container\\Util::unwrapIfClosure()
#13 /home/sandeep/Documents/finpay/vendor/laravel/framework/src/Illuminate/Container/BoundMethod.php(35): Illuminate\\Container\\BoundMethod::callBoundMethod()
#14 /home/sandeep/Documents/finpay/vendor/livewire/livewire/src/Wrapped.php(23): Illuminate\\Container\\BoundMethod::call()
#15 /home/sandeep/Documents/finpay/vendor/livewire/livewire/src/Mechanisms/HandleComponents/HandleComponents.php(312): Livewire\\Wrapped->__call()
#16 /home/sandeep/Documents/finpay/vendor/livewire/livewire/src/Mechanisms/HandleComponents/HandleComponents.php(272): Livewire\\Mechanisms\\HandleComponents\\HandleComponents->getView()
#17 /home/sandeep/Documents/finpay/vendor/livewire/livewire/src/Mechanisms/HandleComponents/HandleComponents.php(54): Livewire\\Mechanisms\\HandleComponents\\HandleComponents->render()
#18 /home/sandeep/Documents/finpay/vendor/livewire/livewire/src/LivewireManager.php(73): Livewire\\Mechanisms\\HandleComponents\\HandleComponents->mount()
#19 /home/sandeep/Documents/finpay/vendor/livewire/livewire/src/Features/SupportPageComponents/HandlesPageComponents.php(17): Livewire\\LivewireManager->mount()
#20 /home/sandeep/Documents/finpay/vendor/livewire/livewire/src/Features/SupportPageComponents/SupportPageComponents.php(117): Livewire\\Component->Livewire\\Features\\SupportPageComponents\\{closure}()
#21 /home/sandeep/Documents/finpay/vendor/livewire/livewire/src/Features/SupportPageComponents/HandlesPageComponents.php(14): Livewire\\Features\\SupportPageComponents\\SupportPageComponents::interceptTheRenderOfTheComponentAndRetreiveTheLayoutConfiguration()
#22 /home/sandeep/Documents/finpay/vendor/laravel/framework/src/Illuminate/Routing/ControllerDispatcher.php(46): Livewire\\Component->__invoke()
#23 /home/sandeep/Documents/finpay/vendor/laravel/framework/src/Illuminate/Routing/Route.php(265): Illuminate\\Routing\\ControllerDispatcher->dispatch()
#24 /home/sandeep/Documents/finpay/vendor/laravel/framework/src/Illuminate/Routing/Route.php(211): Illuminate\\Routing\\Route->runController()
#25 /home/sandeep/Documents/finpay/vendor/laravel/framework/src/Illuminate/Routing/Router.php(822): Illuminate\\Routing\\Route->run()
#26 /home/sandeep/Documents/finpay/vendor/laravel/framework/src/Illuminate/Pipeline/Pipeline.php(180): Illuminate\\Routing\\Router->Illuminate\\Routing\\{closure}()
#27 /home/sandeep/Documents/finpay/app/Http/Middleware/EnsureAdminModule.php(26): Illuminate\\Pipeline\\Pipeline->Illuminate\\Pipeline\\{closure}()
#28 /home/sandeep/Documents/finpay/vendor/laravel/framework/src/Illuminate/Pipeline/Pipeline.php(219): App\\Http\\Middleware\\EnsureAdminModule->handle()
#29 /home/sandeep/Documents/finpay/vendor/laravel/framework/src/Illuminate/Routing/Middleware/SubstituteBindings.php(50): Illuminate\\Pipeline\\Pipeline->Illuminate\\Pipeline\\{closure}()
#30 /home/sandeep/Documents/finpay/vendor/laravel/framework/src/Illuminate/Pipeline/Pipeline.php(219): Illuminate\\Routing\\Middleware\\SubstituteBindings->handle()
#31 /home/sandeep/Documents/finpay/vendor/laravel/framework/src/Illuminate/Auth/Middleware/Authenticate.php(63): Illuminate\\Pipeline\\Pipeline->Illuminate\\Pipeline\\{closure}()
#32 /home/sandeep/Documents/finpay/vendor/laravel/framework/src/Illuminate/Pipeline/Pipeline.php(219): Illuminate\\Auth\\Middleware\\Authenticate->handle()
#33 /home/sandeep/Documents/finpay/vendor/laravel/framework/src/Illuminate/Foundation/Http/Middleware/VerifyCsrfToken.php(87): Illuminate\\Pipeline\\Pipeline->Illuminate\\Pipeline\\{closure}()
#34 /home/sandeep/Documents/finpay/vendor/laravel/framework/src/Illuminate/Pipeline/Pipeline.php(219): Illuminate\\Foundation\\Http\\Middleware\\VerifyCsrfToken->handle()
#35 /home/sandeep/Documents/finpay/vendor/laravel/framework/src/Illuminate/View/Middleware/ShareErrorsFromSession.php(48): Illuminate\\Pipeline\\Pipeline->Illuminate\\Pipeline\\{closure}()
#36 /home/sandeep/Documents/finpay/vendor/laravel/framework/src/Illuminate/Pipeline/Pipeline.php(219): Illuminate\\View\\Middleware\\ShareErrorsFromSession->handle()
#37 /home/sandeep/Documents/finpay/vendor/laravel/framework/src/Illuminate/Session/Middleware/StartSession.php(120): Illuminate\\Pipeline\\Pipeline->Illuminate\\Pipeline\\{closure}()
#38 /home/sandeep/Documents/finpay/vendor/laravel/framework/src/Illuminate/Session/Middleware/StartSession.php(63): Illuminate\\Session\\Middleware\\StartSession->handleStatefulRequest()
#39 /home/sandeep/Documents/finpay/vendor/laravel/framework/src/Illuminate/Pipeline/Pipeline.php(219): Illuminate\\Session\\Middleware\\StartSession->handle()
#40 /home/sandeep/Documents/finpay/vendor/laravel/framework/src/Illuminate/Cookie/Middleware/AddQueuedCookiesToResponse.php(36): Illuminate\\Pipeline\\Pipeline->Illuminate\\Pipeline\\{closure}()
#41 /home/sandeep/Documents/finpay/vendor/laravel/framework/src/Illuminate/Pipeline/Pipeline.php(219): Illuminate\\Cookie\\Middleware\\AddQueuedCookiesToResponse->handle()
#42 /home/sandeep/Documents/finpay/vendor/laravel/framework/src/Illuminate/Cookie/Middleware/EncryptCookies.php(74): Illuminate\\Pipeline\\Pipeline->Illuminate\\Pipeline\\{closure}()
#43 /home/sandeep/Documents/finpay/vendor/laravel/framework/src/Illuminate/Pipeline/Pipeline.php(219): Illuminate\\Cookie\\Middleware\\EncryptCookies->handle()
#44 /home/sandeep/Documents/finpay/vendor/laravel/framework/src/Illuminate/Pipeline/Pipeline.php(137): Illuminate\\Pipeline\\Pipeline->Illuminate\\Pipeline\\{closure}()
#45 /home/sandeep/Documents/finpay/vendor/laravel/framework/src/Illuminate/Routing/Router.php(821): Illuminate\\Pipeline\\Pipeline->then()
#46 /home/sandeep/Documents/finpay/vendor/laravel/framework/src/Illuminate/Routing/Router.php(800): Illuminate\\Routing\\Router->runRouteWithinStack()
#47 /home/sandeep/Documents/finpay/vendor/laravel/framework/src/Illuminate/Routing/Router.php(764): Illuminate\\Routing\\Router->runRoute()
#48 /home/sandeep/Documents/finpay/vendor/laravel/framework/src/Illuminate/Routing/Router.php(753): Illuminate\\Routing\\Router->dispatchToRoute()
#49 /home/sandeep/Documents/finpay/vendor/laravel/framework/src/Illuminate/Foundation/Http/Kernel.php(200): Illuminate\\Routing\\Router->dispatch()
#50 /home/sandeep/Documents/finpay/vendor/laravel/framework/src/Illuminate/Pipeline/Pipeline.php(180): Illuminate\\Foundation\\Http\\Kernel->Illuminate\\Foundation\\Http\\{closure}()
#51 /home/sandeep/Documents/finpay/vendor/livewire/livewire/src/Features/SupportDisablingBackButtonCache/DisableBackButtonCacheMiddleware.php(19): Illuminate\\Pipeline\\Pipeline->Illuminate\\Pipeline\\{closure}()
#52 /home/sandeep/Documents/finpay/vendor/laravel/framework/src/Illuminate/Pipeline/Pipeline.php(219): Livewire\\Features\\SupportDisablingBackButtonCache\\DisableBackButtonCacheMiddleware->handle()
#53 /home/sandeep/Documents/finpay/vendor/laravel/framework/src/Illuminate/Foundation/Http/Middleware/TransformsRequest.php(21): Illuminate\\Pipeline\\Pipeline->Illuminate\\Pipeline\\{closure}()
#54 /home/sandeep/Documents/finpay/vendor/laravel/framework/src/Illuminate/Foundation/Http/Middleware/ConvertEmptyStringsToNull.php(31): Illuminate\\Foundation\\Http\\Middleware\\TransformsRequest->handle()
#55 /home/sandeep/Documents/finpay/vendor/laravel/framework/src/Illuminate/Pipeline/Pipeline.php(219): Illuminate\\Foundation\\Http\\Middleware\\ConvertEmptyStringsToNull->handle()
#56 /home/sandeep/Documents/finpay/vendor/laravel/framework/src/Illuminate/Foundation/Http/Middleware/TransformsRequest.php(21): Illuminate\\Pipeline\\Pipeline->Illuminate\\Pipeline\\{closure}()
#57 /home/sandeep/Documents/finpay/vendor/laravel/framework/src/Illuminate/Foundation/Http/Middleware/TrimStrings.php(51): Illuminate\\Foundation\\Http\\Middleware\\TransformsRequest->handle()
#58 /home/sandeep/Documents/finpay/vendor/laravel/framework/src/Illuminate/Pipeline/Pipeline.php(219): Illuminate\\Foundation\\Http\\Middleware\\TrimStrings->handle()
#59 /home/sandeep/Documents/finpay/vendor/laravel/framework/src/Illuminate/Http/Middleware/ValidatePostSize.php(27): Illuminate\\Pipeline\\Pipeline->Illuminate\\Pipeline\\{closure}()
#60 /home/sandeep/Documents/finpay/vendor/laravel/framework/src/Illuminate/Pipeline/Pipeline.php(219): Illuminate\\Http\\Middleware\\ValidatePostSize->handle()
#61 /home/sandeep/Documents/finpay/vendor/laravel/framework/src/Illuminate/Foundation/Http/Middleware/PreventRequestsDuringMaintenance.php(109): Illuminate\\Pipeline\\Pipeline->Illuminate\\Pipeline\\{closure}()
#62 /home/sandeep/Documents/finpay/vendor/laravel/framework/src/Illuminate/Pipeline/Pipeline.php(219): Illuminate\\Foundation\\Http\\Middleware\\PreventRequestsDuringMaintenance->handle()
#63 /home/sandeep/Documents/finpay/vendor/laravel/framework/src/Illuminate/Http/Middleware/HandleCors.php(61): Illuminate\\Pipeline\\Pipeline->Illuminate\\Pipeline\\{closure}()
#64 /home/sandeep/Documents/finpay/vendor/laravel/framework/src/Illuminate/Pipeline/Pipeline.php(219): Illuminate\\Http\\Middleware\\HandleCors->handle()
#65 /home/sandeep/Documents/finpay/vendor/laravel/framework/src/Illuminate/Http/Middleware/TrustProxies.php(58): Illuminate\\Pipeline\\Pipeline->Illuminate\\Pipeline\\{closure}()
#66 /home/sandeep/Documents/finpay/vendor/laravel/framework/src/Illuminate/Pipeline/Pipeline.php(219): Illuminate\\Http\\Middleware\\TrustProxies->handle()
#67 /home/sandeep/Documents/finpay/vendor/laravel/framework/src/Illuminate/Foundation/Http/Middleware/InvokeDeferredCallbacks.php(22): Illuminate\\Pipeline\\Pipeline->Illuminate\\Pipeline\\{closure}()
#68 /home/sandeep/Documents/finpay/vendor/laravel/framework/src/Illuminate/Pipeline/Pipeline.php(219): Illuminate\\Foundation\\Http\\Middleware\\InvokeDeferredCallbacks->handle()
#69 /home/sandeep/Documents/finpay/vendor/laravel/framework/src/Illuminate/Http/Middleware/ValidatePathEncoding.php(26): Illuminate\\Pipeline\\Pipeline->Illuminate\\Pipeline\\{closure}()
#70 /home/sandeep/Documents/finpay/vendor/laravel/framework/src/Illuminate/Pipeline/Pipeline.php(219): Illuminate\\Http\\Middleware\\ValidatePathEncoding->handle()
#71 /home/sandeep/Documents/finpay/vendor/laravel/framework/src/Illuminate/Pipeline/Pipeline.php(137): Illuminate\\Pipeline\\Pipeline->Illuminate\\Pipeline\\{closure}()
#72 /home/sandeep/Documents/finpay/vendor/laravel/framework/src/Illuminate/Foundation/Http/Kernel.php(175): Illuminate\\Pipeline\\Pipeline->then()
#73 /home/sandeep/Documents/finpay/vendor/laravel/framework/src/Illuminate/Foundation/Http/Kernel.php(144): Illuminate\\Foundation\\Http\\Kernel->sendRequestThroughRouter()
#74 /home/sandeep/Documents/finpay/vendor/laravel/framework/src/Illuminate/Foundation/Application.php(1220): Illuminate\\Foundation\\Http\\Kernel->handle()
#75 /home/sandeep/Documents/finpay/public/index.php(19): Illuminate\\Foundation\\Application->handleRequest()
#76 /home/sandeep/Documents/finpay/vendor/laravel/framework/src/Illuminate/Foundation/resources/server.php(23): require_once('...')
#77 {main}

[previous exception] [object] (PDOException(code: 42S02): SQLSTATE[42S02]: Base table or view not found: 1146 Table 'finpay.bank_api_endpoints' doesn't exist at /home/sandeep/Documents/finpay/vendor/laravel/framework/src/Illuminate/Database/Connection.php:420)
[stacktrace]
#0 /home/sandeep/Documents/finpay/vendor/laravel/framework/src/Illuminate/Database/Connection.php(420): PDO->prepare()
#1 /home/sandeep/Documents/finpay/vendor/laravel/framework/src/Illuminate/Database/Connection.php(827): Illuminate\\Database\\Connection->Illuminate\\Database\\{closure}()
#2 /home/sandeep/Documents/finpay/vendor/laravel/framework/src/Illuminate/Database/Connection.php(794): Illuminate\\Database\\Connection->runQueryCallback()
#3 /home/sandeep/Documents/finpay/vendor/laravel/framework/src/Illuminate/Database/Connection.php(411): Illuminate\\Database\\Connection->run()
#4 /home/sandeep/Documents/finpay/vendor/laravel/framework/src/Illuminate/Database/Query/Builder.php(3505): Illuminate\\Database\\Connection->select()
#5 /home/sandeep/Documents/finpay/vendor/laravel/framework/src/Illuminate/Database/Query/Builder.php(3490): Illuminate\\Database\\Query\\Builder->runSelect()
#6 /home/sandeep/Documents/finpay/vendor/laravel/framework/src/Illuminate/Database/Query/Builder.php(4080): Illuminate\\Database\\Query\\Builder->Illuminate\\Database\\Query\\{closure}()
#7 /home/sandeep/Documents/finpay/vendor/laravel/framework/src/Illuminate/Database/Query/Builder.php(3489): Illuminate\\Database\\Query\\Builder->onceWithColumns()
#8 /home/sandeep/Documents/finpay/vendor/laravel/framework/src/Illuminate/Database/Eloquent/Builder.php(902): Illuminate\\Database\\Query\\Builder->get()
#9 /home/sandeep/Documents/finpay/vendor/laravel/framework/src/Illuminate/Database/Eloquent/Builder.php(884): Illuminate\\Database\\Eloquent\\Builder->getModels()
#10 /home/sandeep/Documents/finpay/vendor/laravel/framework/src/Illuminate/Database/Eloquent/Builder.php(1125): Illuminate\\Database\\Eloquent\\Builder->get()
#11 /home/sandeep/Documents/finpay/app/Livewire/Admin/Banks.php(408): Illuminate\\Database\\Eloquent\\Builder->paginate()
#12 /home/sandeep/Documents/finpay/vendor/laravel/framework/src/Illuminate/Container/BoundMethod.php(36): App\\Livewire\\Admin\\Banks->render()
#13 /home/sandeep/Documents/finpay/vendor/laravel/framework/src/Illuminate/Container/Util.php(43): Illuminate\\Container\\BoundMethod::Illuminate\\Container\\{closure}()
#14 /home/sandeep/Documents/finpay/vendor/laravel/framework/src/Illuminate/Container/BoundMethod.php(96): Illuminate\\Container\\Util::unwrapIfClosure()
#15 /home/sandeep/Documents/finpay/vendor/laravel/framework/src/Illuminate/Container/BoundMethod.php(35): Illuminate\\Container\\BoundMethod::callBoundMethod()
#16 /home/sandeep/Documents/finpay/vendor/livewire/livewire/src/Wrapped.php(23): Illuminate\\Container\\BoundMethod::call()
#17 /home/sandeep/Documents/finpay/vendor/livewire/livewire/src/Mechanisms/HandleComponents/HandleComponents.php(312): Livewire\\Wrapped->__call()
#18 /home/sandeep/Documents/finpay/vendor/livewire/livewire/src/Mechanisms/HandleComponents/HandleComponents.php(272): Livewire\\Mechanisms\\HandleComponents\\HandleComponents->getView()
#19 /home/sandeep/Documents/finpay/vendor/livewire/livewire/src/Mechanisms/HandleComponents/HandleComponents.php(54): Livewire\\Mechanisms\\HandleComponents\\HandleComponents->render()
#20 /home/sandeep/Documents/finpay/vendor/livewire/livewire/src/LivewireManager.php(73): Livewire\\Mechanisms\\HandleComponents\\HandleComponents->mount()
#21 /home/sandeep/Documents/finpay/vendor/livewire/livewire/src/Features/SupportPageComponents/HandlesPageComponents.php(17): Livewire\\LivewireManager->mount()
#22 /home/sandeep/Documents/finpay/vendor/livewire/livewire/src/Features/SupportPageComponents/SupportPageComponents.php(117): Livewire\\Component->Livewire\\Features\\SupportPageComponents\\{closure}()
#23 /home/sandeep/Documents/finpay/vendor/livewire/livewire/src/Features/SupportPageComponents/HandlesPageComponents.php(14): Livewire\\Features\\SupportPageComponents\\SupportPageComponents::interceptTheRenderOfTheComponentAndRetreiveTheLayoutConfiguration()
#24 /home/sandeep/Documents/finpay/vendor/laravel/framework/src/Illuminate/Routing/ControllerDispatcher.php(46): Livewire\\Component->__invoke()
#25 /home/sandeep/Documents/finpay/vendor/laravel/framework/src/Illuminate/Routing/Route.php(265): Illuminate\\Routing\\ControllerDispatcher->dispatch()
#26 /home/sandeep/Documents/finpay/vendor/laravel/framework/src/Illuminate/Routing/Route.php(211): Illuminate\\Routing\\Route->runController()
#27 /home/sandeep/Documents/finpay/vendor/laravel/framework/src/Illuminate/Routing/Router.php(822): Illuminate\\Routing\\Route->run()
#28 /home/sandeep/Documents/finpay/vendor/laravel/framework/src/Illuminate/Pipeline/Pipeline.php(180): Illuminate\\Routing\\Router->Illuminate\\Routing\\{closure}()
#29 /home/sandeep/Documents/finpay/app/Http/Middleware/EnsureAdminModule.php(26): Illuminate\\Pipeline\\Pipeline->Illuminate\\Pipeline\\{closure}()
#30 /home/sandeep/Documents/finpay/vendor/laravel/framework/src/Illuminate/Pipeline/Pipeline.php(219): App\\Http\\Middleware\\EnsureAdminModule->handle()
#31 /home/sandeep/Documents/finpay/vendor/laravel/framework/src/Illuminate/Routing/Middleware/SubstituteBindings.php(50): Illuminate\\Pipeline\\Pipeline->Illuminate\\Pipeline\\{closure}()
#32 /home/sandeep/Documents/finpay/vendor/laravel/framework/src/Illuminate/Pipeline/Pipeline.php(219): Illuminate\\Routing\\Middleware\\SubstituteBindings->handle()
#33 /home/sandeep/Documents/finpay/vendor/laravel/framework/src/Illuminate/Auth/Middleware/Authenticate.php(63): Illuminate\\Pipeline\\Pipeline->Illuminate\\Pipeline\\{closure}()
#34 /home/sandeep/Documents/finpay/vendor/laravel/framework/src/Illuminate/Pipeline/Pipeline.php(219): Illuminate\\Auth\\Middleware\\Authenticate->handle()
#35 /home/sandeep/Documents/finpay/vendor/laravel/framework/src/Illuminate/Foundation/Http/Middleware/VerifyCsrfToken.php(87): Illuminate\\Pipeline\\Pipeline->Illuminate\\Pipeline\\{closure}()
#36 /home/sandeep/Documents/finpay/vendor/laravel/framework/src/Illuminate/Pipeline/Pipeline.php(219): Illuminate\\Foundation\\Http\\Middleware\\VerifyCsrfToken->handle()
#37 /home/sandeep/Documents/finpay/vendor/laravel/framework/src/Illuminate/View/Middleware/ShareErrorsFromSession.php(48): Illuminate\\Pipeline\\Pipeline->Illuminate\\Pipeline\\{closure}()
#38 /home/sandeep/Documents/finpay/vendor/laravel/framework/src/Illuminate/Pipeline/Pipeline.php(219): Illuminate\\View\\Middleware\\ShareErrorsFromSession->handle()
#39 /home/sandeep/Documents/finpay/vendor/laravel/framework/src/Illuminate/Session/Middleware/StartSession.php(120): Illuminate\\Pipeline\\Pipeline->Illuminate\\Pipeline\\{closure}()
#40 /home/sandeep/Documents/finpay/vendor/laravel/framework/src/Illuminate/Session/Middleware/StartSession.php(63): Illuminate\\Session\\Middleware\\StartSession->handleStatefulRequest()
#41 /home/sandeep/Documents/finpay/vendor/laravel/framework/src/Illuminate/Pipeline/Pipeline.php(219): Illuminate\\Session\\Middleware\\StartSession->handle()
#42 /home/sandeep/Documents/finpay/vendor/laravel/framework/src/Illuminate/Cookie/Middleware/AddQueuedCookiesToResponse.php(36): Illuminate\\Pipeline\\Pipeline->Illuminate\\Pipeline\\{closure}()
#43 /home/sandeep/Documents/finpay/vendor/laravel/framework/src/Illuminate/Pipeline/Pipeline.php(219): Illuminate\\Cookie\\Middleware\\AddQueuedCookiesToResponse->handle()
#44 /home/sandeep/Documents/finpay/vendor/laravel/framework/src/Illuminate/Cookie/Middleware/EncryptCookies.php(74): Illuminate\\Pipeline\\Pipeline->Illuminate\\Pipeline\\{closure}()
#45 /home/sandeep/Documents/finpay/vendor/laravel/framework/src/Illuminate/Pipeline/Pipeline.php(219): Illuminate\\Cookie\\Middleware\\EncryptCookies->handle()
#46 /home/sandeep/Documents/finpay/vendor/laravel/framework/src/Illuminate/Pipeline/Pipeline.php(137): Illuminate\\Pipeline\\Pipeline->Illuminate\\Pipeline\\{closure}()
#47 /home/sandeep/Documents/finpay/vendor/laravel/framework/src/Illuminate/Routing/Router.php(821): Illuminate\\Pipeline\\Pipeline->then()
#48 /home/sandeep/Documents/finpay/vendor/laravel/framework/src/Illuminate/Routing/Router.php(800): Illuminate\\Routing\\Router->runRouteWithinStack()
#49 /home/sandeep/Documents/finpay/vendor/laravel/framework/src/Illuminate/Routing/Router.php(764): Illuminate\\Routing\\Router->runRoute()
#50 /home/sandeep/Documents/finpay/vendor/laravel/framework/src/Illuminate/Routing/Router.php(753): Illuminate\\Routing\\Router->dispatchToRoute()
#51 /home/sandeep/Documents/finpay/vendor/laravel/framework/src/Illuminate/Foundation/Http/Kernel.php(200): Illuminate\\Routing\\Router->dispatch()
#52 /home/sandeep/Documents/finpay/vendor/laravel/framework/src/Illuminate/Pipeline/Pipeline.php(180): Illuminate\\Foundation\\Http\\Kernel->Illuminate\\Foundation\\Http\\{closure}()
#53 /home/sandeep/Documents/finpay/vendor/livewire/livewire/src/Features/SupportDisablingBackButtonCache/DisableBackButtonCacheMiddleware.php(19): Illuminate\\Pipeline\\Pipeline->Illuminate\\Pipeline\\{closure}()
#54 /home/sandeep/Documents/finpay/vendor/laravel/framework/src/Illuminate/Pipeline/Pipeline.php(219): Livewire\\Features\\SupportDisablingBackButtonCache\\DisableBackButtonCacheMiddleware->handle()
#55 /home/sandeep/Documents/finpay/vendor/laravel/framework/src/Illuminate/Foundation/Http/Middleware/TransformsRequest.php(21): Illuminate\\Pipeline\\Pipeline->Illuminate\\Pipeline\\{closure}()
#56 /home/sandeep/Documents/finpay/vendor/laravel/framework/src/Illuminate/Foundation/Http/Middleware/ConvertEmptyStringsToNull.php(31): Illuminate\\Foundation\\Http\\Middleware\\TransformsRequest->handle()
#57 /home/sandeep/Documents/finpay/vendor/laravel/framework/src/Illuminate/Pipeline/Pipeline.php(219): Illuminate\\Foundation\\Http\\Middleware\\ConvertEmptyStringsToNull->handle()
#58 /home/sandeep/Documents/finpay/vendor/laravel/framework/src/Illuminate/Foundation/Http/Middleware/TransformsRequest.php(21): Illuminate\\Pipeline\\Pipeline->Illuminate\\Pipeline\\{closure}()
#59 /home/sandeep/Documents/finpay/vendor/laravel/framework/src/Illuminate/Foundation/Http/Middleware/TrimStrings.php(51): Illuminate\\Foundation\\Http\\Middleware\\TransformsRequest->handle()
#60 /home/sandeep/Documents/finpay/vendor/laravel/framework/src/Illuminate/Pipeline/Pipeline.php(219): Illuminate\\Foundation\\Http\\Middleware\\TrimStrings->handle()
#61 /home/sandeep/Documents/finpay/vendor/laravel/framework/src/Illuminate/Http/Middleware/ValidatePostSize.php(27): Illuminate\\Pipeline\\Pipeline->Illuminate\\Pipeline\\{closure}()
#62 /home/sandeep/Documents/finpay/vendor/laravel/framework/src/Illuminate/Pipeline/Pipeline.php(219): Illuminate\\Http\\Middleware\\ValidatePostSize->handle()
#63 /home/sandeep/Documents/finpay/vendor/laravel/framework/src/Illuminate/Foundation/Http/Middleware/PreventRequestsDuringMaintenance.php(109): Illuminate\\Pipeline\\Pipeline->Illuminate\\Pipeline\\{closure}()
#64 /home/sandeep/Documents/finpay/vendor/laravel/framework/src/Illuminate/Pipeline/Pipeline.php(219): Illuminate\\Foundation\\Http\\Middleware\\PreventRequestsDuringMaintenance->handle()
#65 /home/sandeep/Documents/finpay/vendor/laravel/framework/src/Illuminate/Http/Middleware/HandleCors.php(61): Illuminate\\Pipeline\\Pipeline->Illuminate\\Pipeline\\{closure}()
#66 /home/sandeep/Documents/finpay/vendor/laravel/framework/src/Illuminate/Pipeline/Pipeline.php(219): Illuminate\\Http\\Middleware\\HandleCors->handle()
#67 /home/sandeep/Documents/finpay/vendor/laravel/framework/src/Illuminate/Http/Middleware/TrustProxies.php(58): Illuminate\\Pipeline\\Pipeline->Illuminate\\Pipeline\\{closure}()
#68 /home/sandeep/Documents/finpay/vendor/laravel/framework/src/Illuminate/Pipeline/Pipeline.php(219): Illuminate\\Http\\Middleware\\TrustProxies->handle()
#69 /home/sandeep/Documents/finpay/vendor/laravel/framework/src/Illuminate/Foundation/Http/Middleware/InvokeDeferredCallbacks.php(22): Illuminate\\Pipeline\\Pipeline->Illuminate\\Pipeline\\{closure}()
#70 /home/sandeep/Documents/finpay/vendor/laravel/framework/src/Illuminate/Pipeline/Pipeline.php(219): Illuminate\\Foundation\\Http\\Middleware\\InvokeDeferredCallbacks->handle()
#71 /home/sandeep/Documents/finpay/vendor/laravel/framework/src/Illuminate/Http/Middleware/ValidatePathEncoding.php(26): Illuminate\\Pipeline\\Pipeline->Illuminate\\Pipeline\\{closure}()
#72 /home/sandeep/Documents/finpay/vendor/laravel/framework/src/Illuminate/Pipeline/Pipeline.php(219): Illuminate\\Http\\Middleware\\ValidatePathEncoding->handle()
#73 /home/sandeep/Documents/finpay/vendor/laravel/framework/src/Illuminate/Pipeline/Pipeline.php(137): Illuminate\\Pipeline\\Pipeline->Illuminate\\Pipeline\\{closure}()
#74 /home/sandeep/Documents/finpay/vendor/laravel/framework/src/Illuminate/Foundation/Http/Kernel.php(175): Illuminate\\Pipeline\\Pipeline->then()
#75 /home/sandeep/Documents/finpay/vendor/laravel/framework/src/Illuminate/Foundation/Http/Kernel.php(144): Illuminate\\Foundation\\Http\\Kernel->sendRequestThroughRouter()
#76 /home/sandeep/Documents/finpay/vendor/laravel/framework/src/Illuminate/Foundation/Application.php(1220): Illuminate\\Foundation\\Http\\Kernel->handle()
#77 /home/sandeep/Documents/finpay/public/index.php(19): Illuminate\\Foundation\\Application->handleRequest()
#78 /home/sandeep/Documents/finpay/vendor/laravel/framework/src/Illuminate/Foundation/resources/server.php(23): require_once('...')
#79 {main}
"} 
[2026-08-21 10:40:42] local.ERROR: SQLSTATE[42S02]: Base table or view not found: 1146 Table 'finpay.bank_api_endpoints' doesn't exist (Connection: mysql, Host: 127.0.0.1, Port: 3306, Database: finpay, SQL: select `banks`.*, (select count(*) from `vendors` inner join `vendor_banks` on `vendors`.`id` = `vendor_banks`.`vendor_id` where `banks`.`id` = `vendor_banks`.`bank_id`) as `vendors_count`, (select count(*) from `bank_api_endpoints` where `banks`.`id` = `bank_api_endpoints`.`bank_id`) as `api_endpoints_count` from `banks` order by `created_at` desc limit 12 offset 0) {"userId":1,"exception":"[object] (Illuminate\\Database\\QueryException(code: 42S02): SQLSTATE[42S02]: Base table or view not found: 1146 Table 'finpay.bank_api_endpoints' doesn't exist (Connection: mysql, Host: 127.0.0.1, Port: 3306, Database: finpay, SQL: select `banks`.*, (select count(*) from `vendors` inner join `vendor_banks` on `vendors`.`id` = `vendor_banks`.`vendor_id` where `banks`.`id` = `vendor_banks`.`bank_id`) as `vendors_count`, (select count(*) from `bank_api_endpoints` where `banks`.`id` = `bank_api_endpoints`.`bank_id`) as `api_endpoints_count` from `banks` order by `created_at` desc limit 12 offset 0) at /home/sandeep/Documents/finpay/vendor/laravel/framework/src/Illuminate/Database/Connection.php:838)
[stacktrace]
#0 /home/sandeep/Documents/finpay/vendor/laravel/framework/src/Illuminate/Database/Connection.php(794): Illuminate\\Database\\Connection->runQueryCallback()
#1 /home/sandeep/Documents/finpay/vendor/laravel/framework/src/Illuminate/Database/Connection.php(411): Illuminate\\Database\\Connection->run()
#2 /home/sandeep/Documents/finpay/vendor/laravel/framework/src/Illuminate/Database/Query/Builder.php(3505): Illuminate\\Database\\Connection->select()
#3 /home/sandeep/Documents/finpay/vendor/laravel/framework/src/Illuminate/Database/Query/Builder.php(3490): Illuminate\\Database\\Query\\Builder->runSelect()
#4 /home/sandeep/Documents/finpay/vendor/laravel/framework/src/Illuminate/Database/Query/Builder.php(4080): Illuminate\\Database\\Query\\Builder->Illuminate\\Database\\Query\\{closure}()
#5 /home/sandeep/Documents/finpay/vendor/laravel/framework/src/Illuminate/Database/Query/Builder.php(3489): Illuminate\\Database\\Query\\Builder->onceWithColumns()
#6 /home/sandeep/Documents/finpay/vendor/laravel/framework/src/Illuminate/Database/Eloquent/Builder.php(902): Illuminate\\Database\\Query\\Builder->get()
#7 /home/sandeep/Documents/finpay/vendor/laravel/framework/src/Illuminate/Database/Eloquent/Builder.php(884): Illuminate\\Database\\Eloquent\\Builder->getModels()
#8 /home/sandeep/Documents/finpay/vendor/laravel/framework/src/Illuminate/Database/Eloquent/Builder.php(1125): Illuminate\\Database\\Eloquent\\Builder->get()
#9 /home/sandeep/Documents/finpay/app/Livewire/Admin/Banks.php(415): Illuminate\\Database\\Eloquent\\Builder->paginate()
#10 /home/sandeep/Documents/finpay/vendor/laravel/framework/src/Illuminate/Container/BoundMethod.php(36): App\\Livewire\\Admin\\Banks->render()
#11 /home/sandeep/Documents/finpay/vendor/laravel/framework/src/Illuminate/Container/Util.php(43): Illuminate\\Container\\BoundMethod::Illuminate\\Container\\{closure}()
#12 /home/sandeep/Documents/finpay/vendor/laravel/framework/src/Illuminate/Container/BoundMethod.php(96): Illuminate\\Container\\Util::unwrapIfClosure()
#13 /home/sandeep/Documents/finpay/vendor/laravel/framework/src/Illuminate/Container/BoundMethod.php(35): Illuminate\\Container\\BoundMethod::callBoundMethod()
#14 /home/sandeep/Documents/finpay/vendor/livewire/livewire/src/Wrapped.php(23): Illuminate\\Container\\BoundMethod::call()
#15 /home/sandeep/Documents/finpay/vendor/livewire/livewire/src/Mechanisms/HandleComponents/HandleComponents.php(312): Livewire\\Wrapped->__call()
#16 /home/sandeep/Documents/finpay/vendor/livewire/livewire/src/Mechanisms/HandleComponents/HandleComponents.php(272): Livewire\\Mechanisms\\HandleComponents\\HandleComponents->getView()
#17 /home/sandeep/Documents/finpay/vendor/livewire/livewire/src/Mechanisms/HandleComponents/HandleComponents.php(54): Livewire\\Mechanisms\\HandleComponents\\HandleComponents->render()
#18 /home/sandeep/Documents/finpay/vendor/livewire/livewire/src/LivewireManager.php(73): Livewire\\Mechanisms\\HandleComponents\\HandleComponents->mount()
#19 /home/sandeep/Documents/finpay/vendor/livewire/livewire/src/Features/SupportPageComponents/HandlesPageComponents.php(17): Livewire\\LivewireManager->mount()
#20 /home/sandeep/Documents/finpay/vendor/livewire/livewire/src/Features/SupportPageComponents/SupportPageComponents.php(117): Livewire\\Component->Livewire\\Features\\SupportPageComponents\\{closure}()
#21 /home/sandeep/Documents/finpay/vendor/livewire/livewire/src/Features/SupportPageComponents/HandlesPageComponents.php(14): Livewire\\Features\\SupportPageComponents\\SupportPageComponents::interceptTheRenderOfTheComponentAndRetreiveTheLayoutConfiguration()
#22 /home/sandeep/Documents/finpay/vendor/laravel/framework/src/Illuminate/Routing/ControllerDispatcher.php(46): Livewire\\Component->__invoke()
#23 /home/sandeep/Documents/finpay/vendor/laravel/framework/src/Illuminate/Routing/Route.php(265): Illuminate\\Routing\\ControllerDispatcher->dispatch()
#24 /home/sandeep/Documents/finpay/vendor/laravel/framework/src/Illuminate/Routing/Route.php(211): Illuminate\\Routing\\Route->runController()
#25 /home/sandeep/Documents/finpay/vendor/laravel/framework/src/Illuminate/Routing/Router.php(822): Illuminate\\Routing\\Route->run()
#26 /home/sandeep/Documents/finpay/vendor/laravel/framework/src/Illuminate/Pipeline/Pipeline.php(180): Illuminate\\Routing\\Router->Illuminate\\Routing\\{closure}()
#27 /home/sandeep/Documents/finpay/app/Http/Middleware/EnsureAdminModule.php(26): Illuminate\\Pipeline\\Pipeline->Illuminate\\Pipeline\\{closure}()
#28 /home/sandeep/Documents/finpay/vendor/laravel/framework/src/Illuminate/Pipeline/Pipeline.php(219): App\\Http\\Middleware\\EnsureAdminModule->handle()
#29 /home/sandeep/Documents/finpay/vendor/laravel/framework/src/Illuminate/Routing/Middleware/SubstituteBindings.php(50): Illuminate\\Pipeline\\Pipeline->Illuminate\\Pipeline\\{closure}()
#30 /home/sandeep/Documents/finpay/vendor/laravel/framework/src/Illuminate/Pipeline/Pipeline.php(219): Illuminate\\Routing\\Middleware\\SubstituteBindings->handle()
#31 /home/sandeep/Documents/finpay/vendor/laravel/framework/src/Illuminate/Auth/Middleware/Authenticate.php(63): Illuminate\\Pipeline\\Pipeline->Illuminate\\Pipeline\\{closure}()
#32 /home/sandeep/Documents/finpay/vendor/laravel/framework/src/Illuminate/Pipeline/Pipeline.php(219): Illuminate\\Auth\\Middleware\\Authenticate->handle()
#33 /home/sandeep/Documents/finpay/vendor/laravel/framework/src/Illuminate/Foundation/Http/Middleware/VerifyCsrfToken.php(87): Illuminate\\Pipeline\\Pipeline->Illuminate\\Pipeline\\{closure}()
#34 /home/sandeep/Documents/finpay/vendor/laravel/framework/src/Illuminate/Pipeline/Pipeline.php(219): Illuminate\\Foundation\\Http\\Middleware\\VerifyCsrfToken->handle()
#35 /home/sandeep/Documents/finpay/vendor/laravel/framework/src/Illuminate/View/Middleware/ShareErrorsFromSession.php(48): Illuminate\\Pipeline\\Pipeline->Illuminate\\Pipeline\\{closure}()
#36 /home/sandeep/Documents/finpay/vendor/laravel/framework/src/Illuminate/Pipeline/Pipeline.php(219): Illuminate\\View\\Middleware\\ShareErrorsFromSession->handle()
#37 /home/sandeep/Documents/finpay/vendor/laravel/framework/src/Illuminate/Session/Middleware/StartSession.php(120): Illuminate\\Pipeline\\Pipeline->Illuminate\\Pipeline\\{closure}()
#38 /home/sandeep/Documents/finpay/vendor/laravel/framework/src/Illuminate/Session/Middleware/StartSession.php(63): Illuminate\\Session\\Middleware\\StartSession->handleStatefulRequest()
#39 /home/sandeep/Documents/finpay/vendor/laravel/framework/src/Illuminate/Pipeline/Pipeline.php(219): Illuminate\\Session\\Middleware\\StartSession->handle()
#40 /home/sandeep/Documents/finpay/vendor/laravel/framework/src/Illuminate/Cookie/Middleware/AddQueuedCookiesToResponse.php(36): Illuminate\\Pipeline\\Pipeline->Illuminate\\Pipeline\\{closure}()
#41 /home/sandeep/Documents/finpay/vendor/laravel/framework/src/Illuminate/Pipeline/Pipeline.php(219): Illuminate\\Cookie\\Middleware\\AddQueuedCookiesToResponse->handle()
#42 /home/sandeep/Documents/finpay/vendor/laravel/framework/src/Illuminate/Cookie/Middleware/EncryptCookies.php(74): Illuminate\\Pipeline\\Pipeline->Illuminate\\Pipeline\\{closure}()
#43 /home/sandeep/Documents/finpay/vendor/laravel/framework/src/Illuminate/Pipeline/Pipeline.php(219): Illuminate\\Cookie\\Middleware\\EncryptCookies->handle()
#44 /home/sandeep/Documents/finpay/vendor/laravel/framework/src/Illuminate/Pipeline/Pipeline.php(137): Illuminate\\Pipeline\\Pipeline->Illuminate\\Pipeline\\{closure}()
#45 /home/sandeep/Documents/finpay/vendor/laravel/framework/src/Illuminate/Routing/Router.php(821): Illuminate\\Pipeline\\Pipeline->then()
#46 /home/sandeep/Documents/finpay/vendor/laravel/framework/src/Illuminate/Routing/Router.php(800): Illuminate\\Routing\\Router->runRouteWithinStack()
#47 /home/sandeep/Documents/finpay/vendor/laravel/framework/src/Illuminate/Routing/Router.php(764): Illuminate\\Routing\\Router->runRoute()
#48 /home/sandeep/Documents/finpay/vendor/laravel/framework/src/Illuminate/Routing/Router.php(753): Illuminate\\Routing\\Router->dispatchToRoute()
#49 /home/sandeep/Documents/finpay/vendor/laravel/framework/src/Illuminate/Foundation/Http/Kernel.php(200): Illuminate\\Routing\\Router->dispatch()
#50 /home/sandeep/Documents/finpay/vendor/laravel/framework/src/Illuminate/Pipeline/Pipeline.php(180): Illuminate\\Foundation\\Http\\Kernel->Illuminate\\Foundation\\Http\\{closure}()
#51 /home/sandeep/Documents/finpay/vendor/livewire/livewire/src/Features/SupportDisablingBackButtonCache/DisableBackButtonCacheMiddleware.php(19): Illuminate\\Pipeline\\Pipeline->Illuminate\\Pipeline\\{closure}()
#52 /home/sandeep/Documents/finpay/vendor/laravel/framework/src/Illuminate/Pipeline/Pipeline.php(219): Livewire\\Features\\SupportDisablingBackButtonCache\\DisableBackButtonCacheMiddleware->handle()
#53 /home/sandeep/Documents/finpay/vendor/laravel/framework/src/Illuminate/Foundation/Http/Middleware/TransformsRequest.php(21): Illuminate\\Pipeline\\Pipeline->Illuminate\\Pipeline\\{closure}()
#54 /home/sandeep/Documents/finpay/vendor/laravel/framework/src/Illuminate/Foundation/Http/Middleware/ConvertEmptyStringsToNull.php(31): Illuminate\\Foundation\\Http\\Middleware\\TransformsRequest->handle()
#55 /home/sandeep/Documents/finpay/vendor/laravel/framework/src/Illuminate/Pipeline/Pipeline.php(219): Illuminate\\Foundation\\Http\\Middleware\\ConvertEmptyStringsToNull->handle()
#56 /home/sandeep/Documents/finpay/vendor/laravel/framework/src/Illuminate/Foundation/Http/Middleware/TransformsRequest.php(21): Illuminate\\Pipeline\\Pipeline->Illuminate\\Pipeline\\{closure}()
#57 /home/sandeep/Documents/finpay/vendor/laravel/framework/src/Illuminate/Foundation/Http/Middleware/TrimStrings.php(51): Illuminate\\Foundation\\Http\\Middleware\\TransformsRequest->handle()
#58 /home/sandeep/Documents/finpay/vendor/laravel/framework/src/Illuminate/Pipeline/Pipeline.php(219): Illuminate\\Foundation\\Http\\Middleware\\TrimStrings->handle()
#59 /home/sandeep/Documents/finpay/vendor/laravel/framework/src/Illuminate/Http/Middleware/ValidatePostSize.php(27): Illuminate\\Pipeline\\Pipeline->Illuminate\\Pipeline\\{closure}()
#60 /home/sandeep/Documents/finpay/vendor/laravel/framework/src/Illuminate/Pipeline/Pipeline.php(219): Illuminate\\Http\\Middleware\\ValidatePostSize->handle()
#61 /home/sandeep/Documents/finpay/vendor/laravel/framework/src/Illuminate/Foundation/Http/Middleware/PreventRequestsDuringMaintenance.php(109): Illuminate\\Pipeline\\Pipeline->Illuminate\\Pipeline\\{closure}()
#62 /home/sandeep/Documents/finpay/vendor/laravel/framework/src/Illuminate/Pipeline/Pipeline.php(219): Illuminate\\Foundation\\Http\\Middleware\\PreventRequestsDuringMaintenance->handle()
#63 /home/sandeep/Documents/finpay/vendor/laravel/framework/src/Illuminate/Http/Middleware/HandleCors.php(61): Illuminate\\Pipeline\\Pipeline->Illuminate\\Pipeline\\{closure}()
#64 /home/sandeep/Documents/finpay/vendor/laravel/framework/src/Illuminate/Pipeline/Pipeline.php(219): Illuminate\\Http\\Middleware\\HandleCors->handle()
#65 /home/sandeep/Documents/finpay/vendor/laravel/framework/src/Illuminate/Http/Middleware/TrustProxies.php(58): Illuminate\\Pipeline\\Pipeline->Illuminate\\Pipeline\\{closure}()
#66 /home/sandeep/Documents/finpay/vendor/laravel/framework/src/Illuminate/Pipeline/Pipeline.php(219): Illuminate\\Http\\Middleware\\TrustProxies->handle()
#67 /home/sandeep/Documents/finpay/vendor/laravel/framework/src/Illuminate/Foundation/Http/Middleware/InvokeDeferredCallbacks.php(22): Illuminate\\Pipeline\\Pipeline->Illuminate\\Pipeline\\{closure}()
#68 /home/sandeep/Documents/finpay/vendor/laravel/framework/src/Illuminate/Pipeline/Pipeline.php(219): Illuminate\\Foundation\\Http\\Middleware\\InvokeDeferredCallbacks->handle()
#69 /home/sandeep/Documents/finpay/vendor/laravel/framework/src/Illuminate/Http/Middleware/ValidatePathEncoding.php(26): Illuminate\\Pipeline\\Pipeline->Illuminate\\Pipeline\\{closure}()
#70 /home/sandeep/Documents/finpay/vendor/laravel/framework/src/Illuminate/Pipeline/Pipeline.php(219): Illuminate\\Http\\Middleware\\ValidatePathEncoding->handle()
#71 /home/sandeep/Documents/finpay/vendor/laravel/framework/src/Illuminate/Pipeline/Pipeline.php(137): Illuminate\\Pipeline\\Pipeline->Illuminate\\Pipeline\\{closure}()
#72 /home/sandeep/Documents/finpay/vendor/laravel/framework/src/Illuminate/Foundation/Http/Kernel.php(175): Illuminate\\Pipeline\\Pipeline->then()
#73 /home/sandeep/Documents/finpay/vendor/laravel/framework/src/Illuminate/Foundation/Http/Kernel.php(144): Illuminate\\Foundation\\Http\\Kernel->sendRequestThroughRouter()
#74 /home/sandeep/Documents/finpay/vendor/laravel/framework/src/Illuminate/Foundation/Application.php(1220): Illuminate\\Foundation\\Http\\Kernel->handle()
#75 /home/sandeep/Documents/finpay/public/index.php(19): Illuminate\\Foundation\\Application->handleRequest()
#76 /home/sandeep/Documents/finpay/vendor/laravel/framework/src/Illuminate/Foundation/resources/server.php(23): require_once('...')
#77 {main}

[previous exception] [object] (PDOException(code: 42S02): SQLSTATE[42S02]: Base table or view not found: 1146 Table 'finpay.bank_api_endpoints' doesn't exist at /home/sandeep/Documents/finpay/vendor/laravel/framework/src/Illuminate/Database/Connection.php:420)
[stacktrace]
#0 /home/sandeep/Documents/finpay/vendor/laravel/framework/src/Illuminate/Database/Connection.php(420): PDO->prepare()
#1 /home/sandeep/Documents/finpay/vendor/laravel/framework/src/Illuminate/Database/Connection.php(827): Illuminate\\Database\\Connection->Illuminate\\Database\\{closure}()
#2 /home/sandeep/Documents/finpay/vendor/laravel/framework/src/Illuminate/Database/Connection.php(794): Illuminate\\Database\\Connection->runQueryCallback()
#3 /home/sandeep/Documents/finpay/vendor/laravel/framework/src/Illuminate/Database/Connection.php(411): Illuminate\\Database\\Connection->run()
#4 /home/sandeep/Documents/finpay/vendor/laravel/framework/src/Illuminate/Database/Query/Builder.php(3505): Illuminate\\Database\\Connection->select()
#5 /home/sandeep/Documents/finpay/vendor/laravel/framework/src/Illuminate/Database/Query/Builder.php(3490): Illuminate\\Database\\Query\\Builder->runSelect()
#6 /home/sandeep/Documents/finpay/vendor/laravel/framework/src/Illuminate/Database/Query/Builder.php(4080): Illuminate\\Database\\Query\\Builder->Illuminate\\Database\\Query\\{closure}()
#7 /home/sandeep/Documents/finpay/vendor/laravel/framework/src/Illuminate/Database/Query/Builder.php(3489): Illuminate\\Database\\Query\\Builder->onceWithColumns()
#8 /home/sandeep/Documents/finpay/vendor/laravel/framework/src/Illuminate/Database/Eloquent/Builder.php(902): Illuminate\\Database\\Query\\Builder->get()
#9 /home/sandeep/Documents/finpay/vendor/laravel/framework/src/Illuminate/Database/Eloquent/Builder.php(884): Illuminate\\Database\\Eloquent\\Builder->getModels()
#10 /home/sandeep/Documents/finpay/vendor/laravel/framework/src/Illuminate/Database/Eloquent/Builder.php(1125): Illuminate\\Database\\Eloquent\\Builder->get()
#11 /home/sandeep/Documents/finpay/app/Livewire/Admin/Banks.php(415): Illuminate\\Database\\Eloquent\\Builder->paginate()
#12 /home/sandeep/Documents/finpay/vendor/laravel/framework/src/Illuminate/Container/BoundMethod.php(36): App\\Livewire\\Admin\\Banks->render()
#13 /home/sandeep/Documents/finpay/vendor/laravel/framework/src/Illuminate/Container/Util.php(43): Illuminate\\Container\\BoundMethod::Illuminate\\Container\\{closure}()
#14 /home/sandeep/Documents/finpay/vendor/laravel/framework/src/Illuminate/Container/BoundMethod.php(96): Illuminate\\Container\\Util::unwrapIfClosure()
#15 /home/sandeep/Documents/finpay/vendor/laravel/framework/src/Illuminate/Container/BoundMethod.php(35): Illuminate\\Container\\BoundMethod::callBoundMethod()
#16 /home/sandeep/Documents/finpay/vendor/livewire/livewire/src/Wrapped.php(23): Illuminate\\Container\\BoundMethod::call()
#17 /home/sandeep/Documents/finpay/vendor/livewire/livewire/src/Mechanisms/HandleComponents/HandleComponents.php(312): Livewire\\Wrapped->__call()
#18 /home/sandeep/Documents/finpay/vendor/livewire/livewire/src/Mechanisms/HandleComponents/HandleComponents.php(272): Livewire\\Mechanisms\\HandleComponents\\HandleComponents->getView()
#19 /home/sandeep/Documents/finpay/vendor/livewire/livewire/src/Mechanisms/HandleComponents/HandleComponents.php(54): Livewire\\Mechanisms\\HandleComponents\\HandleComponents->render()
#20 /home/sandeep/Documents/finpay/vendor/livewire/livewire/src/LivewireManager.php(73): Livewire\\Mechanisms\\HandleComponents\\HandleComponents->mount()
#21 /home/sandeep/Documents/finpay/vendor/livewire/livewire/src/Features/SupportPageComponents/HandlesPageComponents.php(17): Livewire\\LivewireManager->mount()
#22 /home/sandeep/Documents/finpay/vendor/livewire/livewire/src/Features/SupportPageComponents/SupportPageComponents.php(117): Livewire\\Component->Livewire\\Features\\SupportPageComponents\\{closure}()
#23 /home/sandeep/Documents/finpay/vendor/livewire/livewire/src/Features/SupportPageComponents/HandlesPageComponents.php(14): Livewire\\Features\\SupportPageComponents\\SupportPageComponents::interceptTheRenderOfTheComponentAndRetreiveTheLayoutConfiguration()
#24 /home/sandeep/Documents/finpay/vendor/laravel/framework/src/Illuminate/Routing/ControllerDispatcher.php(46): Livewire\\Component->__invoke()
#25 /home/sandeep/Documents/finpay/vendor/laravel/framework/src/Illuminate/Routing/Route.php(265): Illuminate\\Routing\\ControllerDispatcher->dispatch()
#26 /home/sandeep/Documents/finpay/vendor/laravel/framework/src/Illuminate/Routing/Route.php(211): Illuminate\\Routing\\Route->runController()
#27 /home/sandeep/Documents/finpay/vendor/laravel/framework/src/Illuminate/Routing/Router.php(822): Illuminate\\Routing\\Route->run()
#28 /home/sandeep/Documents/finpay/vendor/laravel/framework/src/Illuminate/Pipeline/Pipeline.php(180): Illuminate\\Routing\\Router->Illuminate\\Routing\\{closure}()
#29 /home/sandeep/Documents/finpay/app/Http/Middleware/EnsureAdminModule.php(26): Illuminate\\Pipeline\\Pipeline->Illuminate\\Pipeline\\{closure}()
#30 /home/sandeep/Documents/finpay/vendor/laravel/framework/src/Illuminate/Pipeline/Pipeline.php(219): App\\Http\\Middleware\\EnsureAdminModule->handle()
#31 /home/sandeep/Documents/finpay/vendor/laravel/framework/src/Illuminate/Routing/Middleware/SubstituteBindings.php(50): Illuminate\\Pipeline\\Pipeline->Illuminate\\Pipeline\\{closure}()
#32 /home/sandeep/Documents/finpay/vendor/laravel/framework/src/Illuminate/Pipeline/Pipeline.php(219): Illuminate\\Routing\\Middleware\\SubstituteBindings->handle()
#33 /home/sandeep/Documents/finpay/vendor/laravel/framework/src/Illuminate/Auth/Middleware/Authenticate.php(63): Illuminate\\Pipeline\\Pipeline->Illuminate\\Pipeline\\{closure}()
#34 /home/sandeep/Documents/finpay/vendor/laravel/framework/src/Illuminate/Pipeline/Pipeline.php(219): Illuminate\\Auth\\Middleware\\Authenticate->handle()
#35 /home/sandeep/Documents/finpay/vendor/laravel/framework/src/Illuminate/Foundation/Http/Middleware/VerifyCsrfToken.php(87): Illuminate\\Pipeline\\Pipeline->Illuminate\\Pipeline\\{closure}()
#36 /home/sandeep/Documents/finpay/vendor/laravel/framework/src/Illuminate/Pipeline/Pipeline.php(219): Illuminate\\Foundation\\Http\\Middleware\\VerifyCsrfToken->handle()
#37 /home/sandeep/Documents/finpay/vendor/laravel/framework/src/Illuminate/View/Middleware/ShareErrorsFromSession.php(48): Illuminate\\Pipeline\\Pipeline->Illuminate\\Pipeline\\{closure}()
#38 /home/sandeep/Documents/finpay/vendor/laravel/framework/src/Illuminate/Pipeline/Pipeline.php(219): Illuminate\\View\\Middleware\\ShareErrorsFromSession->handle()
#39 /home/sandeep/Documents/finpay/vendor/laravel/framework/src/Illuminate/Session/Middleware/StartSession.php(120): Illuminate\\Pipeline\\Pipeline->Illuminate\\Pipeline\\{closure}()
#40 /home/sandeep/Documents/finpay/vendor/laravel/framework/src/Illuminate/Session/Middleware/StartSession.php(63): Illuminate\\Session\\Middleware\\StartSession->handleStatefulRequest()
#41 /home/sandeep/Documents/finpay/vendor/laravel/framework/src/Illuminate/Pipeline/Pipeline.php(219): Illuminate\\Session\\Middleware\\StartSession->handle()
#42 /home/sandeep/Documents/finpay/vendor/laravel/framework/src/Illuminate/Cookie/Middleware/AddQueuedCookiesToResponse.php(36): Illuminate\\Pipeline\\Pipeline->Illuminate\\Pipeline\\{closure}()
#43 /home/sandeep/Documents/finpay/vendor/laravel/framework/src/Illuminate/Pipeline/Pipeline.php(219): Illuminate\\Cookie\\Middleware\\AddQueuedCookiesToResponse->handle()
#44 /home/sandeep/Documents/finpay/vendor/laravel/framework/src/Illuminate/Cookie/Middleware/EncryptCookies.php(74): Illuminate\\Pipeline\\Pipeline->Illuminate\\Pipeline\\{closure}()
#45 /home/sandeep/Documents/finpay/vendor/laravel/framework/src/Illuminate/Pipeline/Pipeline.php(219): Illuminate\\Cookie\\Middleware\\EncryptCookies->handle()
#46 /home/sandeep/Documents/finpay/vendor/laravel/framework/src/Illuminate/Pipeline/Pipeline.php(137): Illuminate\\Pipeline\\Pipeline->Illuminate\\Pipeline\\{closure}()
#47 /home/sandeep/Documents/finpay/vendor/laravel/framework/src/Illuminate/Routing/Router.php(821): Illuminate\\Pipeline\\Pipeline->then()
#48 /home/sandeep/Documents/finpay/vendor/laravel/framework/src/Illuminate/Routing/Router.php(800): Illuminate\\Routing\\Router->runRouteWithinStack()
#49 /home/sandeep/Documents/finpay/vendor/laravel/framework/src/Illuminate/Routing/Router.php(764): Illuminate\\Routing\\Router->runRoute()
#50 /home/sandeep/Documents/finpay/vendor/laravel/framework/src/Illuminate/Routing/Router.php(753): Illuminate\\Routing\\Router->dispatchToRoute()
#51 /home/sandeep/Documents/finpay/vendor/laravel/framework/src/Illuminate/Foundation/Http/Kernel.php(200): Illuminate\\Routing\\Router->dispatch()
#52 /home/sandeep/Documents/finpay/vendor/laravel/framework/src/Illuminate/Pipeline/Pipeline.php(180): Illuminate\\Foundation\\Http\\Kernel->Illuminate\\Foundation\\Http\\{closure}()
#53 /home/sandeep/Documents/finpay/vendor/livewire/livewire/src/Features/SupportDisablingBackButtonCache/DisableBackButtonCacheMiddleware.php(19): Illuminate\\Pipeline\\Pipeline->Illuminate\\Pipeline\\{closure}()
#54 /home/sandeep/Documents/finpay/vendor/laravel/framework/src/Illuminate/Pipeline/Pipeline.php(219): Livewire\\Features\\SupportDisablingBackButtonCache\\DisableBackButtonCacheMiddleware->handle()
#55 /home/sandeep/Documents/finpay/vendor/laravel/framework/src/Illuminate/Foundation/Http/Middleware/TransformsRequest.php(21): Illuminate\\Pipeline\\Pipeline->Illuminate\\Pipeline\\{closure}()
#56 /home/sandeep/Documents/finpay/vendor/laravel/framework/src/Illuminate/Foundation/Http/Middleware/ConvertEmptyStringsToNull.php(31): Illuminate\\Foundation\\Http\\Middleware\\TransformsRequest->handle()
#57 /home/sandeep/Documents/finpay/vendor/laravel/framework/src/Illuminate/Pipeline/Pipeline.php(219): Illuminate\\Foundation\\Http\\Middleware\\ConvertEmptyStringsToNull->handle()
#58 /home/sandeep/Documents/finpay/vendor/laravel/framework/src/Illuminate/Foundation/Http/Middleware/TransformsRequest.php(21): Illuminate\\Pipeline\\Pipeline->Illuminate\\Pipeline\\{closure}()
#59 /home/sandeep/Documents/finpay/vendor/laravel/framework/src/Illuminate/Foundation/Http/Middleware/TrimStrings.php(51): Illuminate\\Foundation\\Http\\Middleware\\TransformsRequest->handle()
#60 /home/sandeep/Documents/finpay/vendor/laravel/framework/src/Illuminate/Pipeline/Pipeline.php(219): Illuminate\\Foundation\\Http\\Middleware\\TrimStrings->handle()
#61 /home/sandeep/Documents/finpay/vendor/laravel/framework/src/Illuminate/Http/Middleware/ValidatePostSize.php(27): Illuminate\\Pipeline\\Pipeline->Illuminate\\Pipeline\\{closure}()
#62 /home/sandeep/Documents/finpay/vendor/laravel/framework/src/Illuminate/Pipeline/Pipeline.php(219): Illuminate\\Http\\Middleware\\ValidatePostSize->handle()
#63 /home/sandeep/Documents/finpay/vendor/laravel/framework/src/Illuminate/Foundation/Http/Middleware/PreventRequestsDuringMaintenance.php(109): Illuminate\\Pipeline\\Pipeline->Illuminate\\Pipeline\\{closure}()
#64 /home/sandeep/Documents/finpay/vendor/laravel/framework/src/Illuminate/Pipeline/Pipeline.php(219): Illuminate\\Foundation\\Http\\Middleware\\PreventRequestsDuringMaintenance->handle()
#65 /home/sandeep/Documents/finpay/vendor/laravel/framework/src/Illuminate/Http/Middleware/HandleCors.php(61): Illuminate\\Pipeline\\Pipeline->Illuminate\\Pipeline\\{closure}()
#66 /home/sandeep/Documents/finpay/vendor/laravel/framework/src/Illuminate/Pipeline/Pipeline.php(219): Illuminate\\Http\\Middleware\\HandleCors->handle()
#67 /home/sandeep/Documents/finpay/vendor/laravel/framework/src/Illuminate/Http/Middleware/TrustProxies.php(58): Illuminate\\Pipeline\\Pipeline->Illuminate\\Pipeline\\{closure}()
#68 /home/sandeep/Documents/finpay/vendor/laravel/framework/src/Illuminate/Pipeline/Pipeline.php(219): Illuminate\\Http\\Middleware\\TrustProxies->handle()
#69 /home/sandeep/Documents/finpay/vendor/laravel/framework/src/Illuminate/Foundation/Http/Middleware/InvokeDeferredCallbacks.php(22): Illuminate\\Pipeline\\Pipeline->Illuminate\\Pipeline\\{closure}()
#70 /home/sandeep/Documents/finpay/vendor/laravel/framework/src/Illuminate/Pipeline/Pipeline.php(219): Illuminate\\Foundation\\Http\\Middleware\\InvokeDeferredCallbacks->handle()
#71 /home/sandeep/Documents/finpay/vendor/laravel/framework/src/Illuminate/Http/Middleware/ValidatePathEncoding.php(26): Illuminate\\Pipeline\\Pipeline->Illuminate\\Pipeline\\{closure}()
#72 /home/sandeep/Documents/finpay/vendor/laravel/framework/src/Illuminate/Pipeline/Pipeline.php(219): Illuminate\\Http\\Middleware\\ValidatePathEncoding->handle()
#73 /home/sandeep/Documents/finpay/vendor/laravel/framework/src/Illuminate/Pipeline/Pipeline.php(137): Illuminate\\Pipeline\\Pipeline->Illuminate\\Pipeline\\{closure}()
#74 /home/sandeep/Documents/finpay/vendor/laravel/framework/src/Illuminate/Foundation/Http/Kernel.php(175): Illuminate\\Pipeline\\Pipeline->then()
#75 /home/sandeep/Documents/finpay/vendor/laravel/framework/src/Illuminate/Foundation/Http/Kernel.php(144): Illuminate\\Foundation\\Http\\Kernel->sendRequestThroughRouter()
#76 /home/sandeep/Documents/finpay/vendor/laravel/framework/src/Illuminate/Foundation/Application.php(1220): Illuminate\\Foundation\\Http\\Kernel->handle()
#77 /home/sandeep/Documents/finpay/public/index.php(19): Illuminate\\Foundation\\Application->handleRequest()
#78 /home/sandeep/Documents/finpay/vendor/laravel/framework/src/Illuminate/Foundation/resources/server.php(23): require_once('...')
#79 {main}
"} 
[2026-08-21 10:41:40] local.ERROR: SQLSTATE[HY000] [2002] Connection refused (Connection: mysql, Host: 127.0.0.1, Port: 3306, Database: finpay, SQL: select exists (select 1 from information_schema.tables where table_schema = schema() and table_name = 'migrations' and table_type in ('BASE TABLE', 'SYSTEM VERSIONED')) as `exists`) {"exception":"[object] (Illuminate\\Database\\QueryException(code: 2002): SQLSTATE[HY000] [2002] Connection refused (Connection: mysql, Host: 127.0.0.1, Port: 3306, Database: finpay, SQL: select exists (select 1 from information_schema.tables where table_schema = schema() and table_name = 'migrations' and table_type in ('BASE TABLE', 'SYSTEM VERSIONED')) as `exists`) at /home/sandeep/Documents/finpay/vendor/laravel/framework/src/Illuminate/Database/Connection.php:838)
[stacktrace]
#0 /home/sandeep/Documents/finpay/vendor/laravel/framework/src/Illuminate/Database/Connection.php(999): Illuminate\\Database\\Connection->runQueryCallback()
#1 /home/sandeep/Documents/finpay/vendor/laravel/framework/src/Illuminate/Database/Connection.php(978): Illuminate\\Database\\Connection->tryAgainIfCausedByLostConnection()
#2 /home/sandeep/Documents/finpay/vendor/laravel/framework/src/Illuminate/Database/Connection.php(796): Illuminate\\Database\\Connection->handleQueryException()
#3 /home/sandeep/Documents/finpay/vendor/laravel/framework/src/Illuminate/Database/Connection.php(411): Illuminate\\Database\\Connection->run()
#4 /home/sandeep/Documents/finpay/vendor/laravel/framework/src/Illuminate/Database/Connection.php(357): Illuminate\\Database\\Connection->select()
#5 /home/sandeep/Documents/finpay/vendor/laravel/framework/src/Illuminate/Database/Connection.php(374): Illuminate\\Database\\Connection->selectOne()
#6 /home/sandeep/Documents/finpay/vendor/laravel/framework/src/Illuminate/Database/Schema/Builder.php(176): Illuminate\\Database\\Connection->scalar()
#7 /home/sandeep/Documents/finpay/vendor/laravel/framework/src/Illuminate/Database/Migrations/DatabaseMigrationRepository.php(185): Illuminate\\Database\\Schema\\Builder->hasTable()
#8 /home/sandeep/Documents/finpay/vendor/laravel/framework/src/Illuminate/Database/Migrations/Migrator.php(758): Illuminate\\Database\\Migrations\\DatabaseMigrationRepository->repositoryExists()
#9 /home/sandeep/Documents/finpay/vendor/laravel/framework/src/Illuminate/Database/Console/Migrations/MigrateCommand.php(164): Illuminate\\Database\\Migrations\\Migrator->repositoryExists()
#10 /home/sandeep/Documents/finpay/vendor/laravel/framework/src/Illuminate/Support/helpers.php(328): Illuminate\\Database\\Console\\Migrations\\MigrateCommand->Illuminate\\Database\\Console\\Migrations\\{closure}()
#11 /home/sandeep/Documents/finpay/vendor/laravel/framework/src/Illuminate/Database/Console/Migrations/MigrateCommand.php(164): retry()
#12 /home/sandeep/Documents/finpay/vendor/laravel/framework/src/Illuminate/Database/Console/Migrations/MigrateCommand.php(140): Illuminate\\Database\\Console\\Migrations\\MigrateCommand->repositoryExists()
#13 /home/sandeep/Documents/finpay/vendor/laravel/framework/src/Illuminate/Database/Console/Migrations/MigrateCommand.php(110): Illuminate\\Database\\Console\\Migrations\\MigrateCommand->prepareDatabase()
#14 /home/sandeep/Documents/finpay/vendor/laravel/framework/src/Illuminate/Database/Migrations/Migrator.php(671): Illuminate\\Database\\Console\\Migrations\\MigrateCommand->Illuminate\\Database\\Console\\Migrations\\{closure}()
#15 /home/sandeep/Documents/finpay/vendor/laravel/framework/src/Illuminate/Database/Console/Migrations/MigrateCommand.php(109): Illuminate\\Database\\Migrations\\Migrator->usingConnection()
#16 /home/sandeep/Documents/finpay/vendor/laravel/framework/src/Illuminate/Database/Console/Migrations/MigrateCommand.php(88): Illuminate\\Database\\Console\\Migrations\\MigrateCommand->runMigrations()
#17 /home/sandeep/Documents/finpay/vendor/laravel/framework/src/Illuminate/Container/BoundMethod.php(36): Illuminate\\Database\\Console\\Migrations\\MigrateCommand->handle()
#18 /home/sandeep/Documents/finpay/vendor/laravel/framework/src/Illuminate/Container/Util.php(43): Illuminate\\Container\\BoundMethod::Illuminate\\Container\\{closure}()
#19 /home/sandeep/Documents/finpay/vendor/laravel/framework/src/Illuminate/Container/BoundMethod.php(96): Illuminate\\Container\\Util::unwrapIfClosure()
#20 /home/sandeep/Documents/finpay/vendor/laravel/framework/src/Illuminate/Container/BoundMethod.php(35): Illuminate\\Container\\BoundMethod::callBoundMethod()
#21 /home/sandeep/Documents/finpay/vendor/laravel/framework/src/Illuminate/Container/Container.php(799): Illuminate\\Container\\BoundMethod::call()
#22 /home/sandeep/Documents/finpay/vendor/laravel/framework/src/Illuminate/Console/Command.php(211): Illuminate\\Container\\Container->call()
#23 /home/sandeep/Documents/finpay/vendor/symfony/console/Command/Command.php(341): Illuminate\\Console\\Command->execute()
#24 /home/sandeep/Documents/finpay/vendor/laravel/framework/src/Illuminate/Console/Command.php(180): Symfony\\Component\\Console\\Command\\Command->run()
#25 /home/sandeep/Documents/finpay/vendor/symfony/console/Application.php(1117): Illuminate\\Console\\Command->run()
#26 /home/sandeep/Documents/finpay/vendor/symfony/console/Application.php(356): Symfony\\Component\\Console\\Application->doRunCommand()
#27 /home/sandeep/Documents/finpay/vendor/symfony/console/Application.php(195): Symfony\\Component\\Console\\Application->doRun()
#28 /home/sandeep/Documents/finpay/vendor/laravel/framework/src/Illuminate/Foundation/Console/Kernel.php(198): Symfony\\Component\\Console\\Application->run()
#29 /home/sandeep/Documents/finpay/artisan(14): Illuminate\\Foundation\\Console\\Kernel->handle()
#30 {main}

[previous exception] [object] (PDOException(code: 2002): SQLSTATE[HY000] [2002] Connection refused at /home/sandeep/Documents/finpay/vendor/laravel/framework/src/Illuminate/Database/Connectors/Connector.php:66)
[stacktrace]
#0 /home/sandeep/Documents/finpay/vendor/laravel/framework/src/Illuminate/Database/Connectors/Connector.php(66): PDO->__construct()
#1 /home/sandeep/Documents/finpay/vendor/laravel/framework/src/Illuminate/Database/Connectors/Connector.php(85): Illuminate\\Database\\Connectors\\Connector->createPdoConnection()
#2 /home/sandeep/Documents/finpay/vendor/laravel/framework/src/Illuminate/Database/Connectors/Connector.php(48): Illuminate\\Database\\Connectors\\Connector->tryAgainIfCausedByLostConnection()
#3 /home/sandeep/Documents/finpay/vendor/laravel/framework/src/Illuminate/Database/Connectors/MySqlConnector.php(24): Illuminate\\Database\\Connectors\\Connector->createConnection()
#4 /home/sandeep/Documents/finpay/vendor/laravel/framework/src/Illuminate/Database/Connectors/ConnectionFactory.php(186): Illuminate\\Database\\Connectors\\MySqlConnector->connect()
#5 [internal function]: Illuminate\\Database\\Connectors\\ConnectionFactory->Illuminate\\Database\\Connectors\\{closure}()
#6 /home/sandeep/Documents/finpay/vendor/laravel/framework/src/Illuminate/Database/Connection.php(1257): call_user_func()
#7 /home/sandeep/Documents/finpay/vendor/laravel/framework/src/Illuminate/Database/Connection.php(1295): Illuminate\\Database\\Connection->getPdo()
#8 /home/sandeep/Documents/finpay/vendor/laravel/framework/src/Illuminate/Database/Connection.php(525): Illuminate\\Database\\Connection->getReadPdo()
#9 /home/sandeep/Documents/finpay/vendor/laravel/framework/src/Illuminate/Database/Connection.php(420): Illuminate\\Database\\Connection->getPdoForSelect()
#10 /home/sandeep/Documents/finpay/vendor/laravel/framework/src/Illuminate/Database/Connection.php(827): Illuminate\\Database\\Connection->Illuminate\\Database\\{closure}()
#11 /home/sandeep/Documents/finpay/vendor/laravel/framework/src/Illuminate/Database/Connection.php(999): Illuminate\\Database\\Connection->runQueryCallback()
#12 /home/sandeep/Documents/finpay/vendor/laravel/framework/src/Illuminate/Database/Connection.php(978): Illuminate\\Database\\Connection->tryAgainIfCausedByLostConnection()
#13 /home/sandeep/Documents/finpay/vendor/laravel/framework/src/Illuminate/Database/Connection.php(796): Illuminate\\Database\\Connection->handleQueryException()
#14 /home/sandeep/Documents/finpay/vendor/laravel/framework/src/Illuminate/Database/Connection.php(411): Illuminate\\Database\\Connection->run()
#15 /home/sandeep/Documents/finpay/vendor/laravel/framework/src/Illuminate/Database/Connection.php(357): Illuminate\\Database\\Connection->select()
#16 /home/sandeep/Documents/finpay/vendor/laravel/framework/src/Illuminate/Database/Connection.php(374): Illuminate\\Database\\Connection->selectOne()
#17 /home/sandeep/Documents/finpay/vendor/laravel/framework/src/Illuminate/Database/Schema/Builder.php(176): Illuminate\\Database\\Connection->scalar()
#18 /home/sandeep/Documents/finpay/vendor/laravel/framework/src/Illuminate/Database/Migrations/DatabaseMigrationRepository.php(185): Illuminate\\Database\\Schema\\Builder->hasTable()
#19 /home/sandeep/Documents/finpay/vendor/laravel/framework/src/Illuminate/Database/Migrations/Migrator.php(758): Illuminate\\Database\\Migrations\\DatabaseMigrationRepository->repositoryExists()
#20 /home/sandeep/Documents/finpay/vendor/laravel/framework/src/Illuminate/Database/Console/Migrations/MigrateCommand.php(164): Illuminate\\Database\\Migrations\\Migrator->repositoryExists()
#21 /home/sandeep/Documents/finpay/vendor/laravel/framework/src/Illuminate/Support/helpers.php(328): Illuminate\\Database\\Console\\Migrations\\MigrateCommand->Illuminate\\Database\\Console\\Migrations\\{closure}()
#22 /home/sandeep/Documents/finpay/vendor/laravel/framework/src/Illuminate/Database/Console/Migrations/MigrateCommand.php(164): retry()
#23 /home/sandeep/Documents/finpay/vendor/laravel/framework/src/Illuminate/Database/Console/Migrations/MigrateCommand.php(140): Illuminate\\Database\\Console\\Migrations\\MigrateCommand->repositoryExists()
#24 /home/sandeep/Documents/finpay/vendor/laravel/framework/src/Illuminate/Database/Console/Migrations/MigrateCommand.php(110): Illuminate\\Database\\Console\\Migrations\\MigrateCommand->prepareDatabase()
#25 /home/sandeep/Documents/finpay/vendor/laravel/framework/src/Illuminate/Database/Migrations/Migrator.php(671): Illuminate\\Database\\Console\\Migrations\\MigrateCommand->Illuminate\\Database\\Console\\Migrations\\{closure}()
#26 /home/sandeep/Documents/finpay/vendor/laravel/framework/src/Illuminate/Database/Console/Migrations/MigrateCommand.php(109): Illuminate\\Database\\Migrations\\Migrator->usingConnection()
#27 /home/sandeep/Documents/finpay/vendor/laravel/framework/src/Illuminate/Database/Console/Migrations/MigrateCommand.php(88): Illuminate\\Database\\Console\\Migrations\\MigrateCommand->runMigrations()
#28 /home/sandeep/Documents/finpay/vendor/laravel/framework/src/Illuminate/Container/BoundMethod.php(36): Illuminate\\Database\\Console\\Migrations\\MigrateCommand->handle()
#29 /home/sandeep/Documents/finpay/vendor/laravel/framework/src/Illuminate/Container/Util.php(43): Illuminate\\Container\\BoundMethod::Illuminate\\Container\\{closure}()
#30 /home/sandeep/Documents/finpay/vendor/laravel/framework/src/Illuminate/Container/BoundMethod.php(96): Illuminate\\Container\\Util::unwrapIfClosure()
#31 /home/sandeep/Documents/finpay/vendor/laravel/framework/src/Illuminate/Container/BoundMethod.php(35): Illuminate\\Container\\BoundMethod::callBoundMethod()
#32 /home/sandeep/Documents/finpay/vendor/laravel/framework/src/Illuminate/Container/Container.php(799): Illuminate\\Container\\BoundMethod::call()
#33 /home/sandeep/Documents/finpay/vendor/laravel/framework/src/Illuminate/Console/Command.php(211): Illuminate\\Container\\Container->call()
#34 /home/sandeep/Documents/finpay/vendor/symfony/console/Command/Command.php(341): Illuminate\\Console\\Command->execute()
#35 /home/sandeep/Documents/finpay/vendor/laravel/framework/src/Illuminate/Console/Command.php(180): Symfony\\Component\\Console\\Command\\Command->run()
#36 /home/sandeep/Documents/finpay/vendor/symfony/console/Application.php(1117): Illuminate\\Console\\Command->run()
#37 /home/sandeep/Documents/finpay/vendor/symfony/console/Application.php(356): Symfony\\Component\\Console\\Application->doRunCommand()
#38 /home/sandeep/Documents/finpay/vendor/symfony/console/Application.php(195): Symfony\\Component\\Console\\Application->doRun()
#39 /home/sandeep/Documents/finpay/vendor/laravel/framework/src/Illuminate/Foundation/Console/Kernel.php(198): Symfony\\Component\\Console\\Application->run()
#40 /home/sandeep/Documents/finpay/artisan(14): Illuminate\\Foundation\\Console\\Kernel->handle()
#41 {main}
"} 
[2026-08-21 10:41:40] local.ERROR: Symfony\Component\Console\Application::renderThrowable(): Argument #2 ($output) must be of type Symfony\Component\Console\Output\OutputInterface, null given, called in /home/sandeep/Documents/finpay/vendor/laravel/framework/src/Illuminate/Foundation/Exceptions/Handler.php on line 1059 {"exception":"[object] (TypeError(code: 0): Symfony\\Component\\Console\\Application::renderThrowable(): Argument #2 ($output) must be of type Symfony\\Component\\Console\\Output\\OutputInterface, null given, called in /home/sandeep/Documents/finpay/vendor/laravel/framework/src/Illuminate/Foundation/Exceptions/Handler.php on line 1059 at /home/sandeep/Documents/finpay/vendor/symfony/console/Application.php:890)
[stacktrace]
#0 /home/sandeep/Documents/finpay/vendor/laravel/framework/src/Illuminate/Foundation/Exceptions/Handler.php(1059): Symfony\\Component\\Console\\Application->renderThrowable()
#1 /home/sandeep/Documents/finpay/vendor/laravel/framework/src/Illuminate/Foundation/Console/Kernel.php(653): Illuminate\\Foundation\\Exceptions\\Handler->renderForConsole()
#2 /home/sandeep/Documents/finpay/vendor/laravel/framework/src/Illuminate/Foundation/Console/Kernel.php(202): Illuminate\\Foundation\\Console\\Kernel->renderException()
#3 /home/sandeep/Documents/finpay/artisan(14): Illuminate\\Foundation\\Console\\Kernel->handle()
#4 {main}
"} 
[2026-08-21 10:42:11] local.ERROR: PHP Parse error: Syntax error, unexpected T_OBJECT_OPERATOR on line 1 {"exception":"[object] (Psy\\Exception\\ParseErrorException(code: 0): PHP Parse error: Syntax error, unexpected T_OBJECT_OPERATOR on line 1 at /home/sandeep/Documents/finpay/vendor/psy/psysh/src/Exception/ParseErrorException.php:44)
[stacktrace]
#0 /home/sandeep/Documents/finpay/vendor/psy/psysh/src/CodeCleaner.php(657): Psy\\Exception\\ParseErrorException::fromParseError()
#1 /home/sandeep/Documents/finpay/vendor/psy/psysh/src/CodeCleaner.php(273): Psy\\CodeCleaner->parse()
#2 /home/sandeep/Documents/finpay/vendor/psy/psysh/src/Shell.php(1399): Psy\\CodeCleaner->clean()
#3 /home/sandeep/Documents/finpay/vendor/psy/psysh/src/Shell.php(1506): Psy\\Shell->appendCode()
#4 /home/sandeep/Documents/finpay/vendor/psy/psysh/src/Shell.php(2215): Psy\\Shell->setCode()
#5 /home/sandeep/Documents/finpay/vendor/laravel/tinker/src/Console/TinkerCommand.php(77): Psy\\Shell->execute()
#6 /home/sandeep/Documents/finpay/vendor/laravel/framework/src/Illuminate/Container/BoundMethod.php(36): Laravel\\Tinker\\Console\\TinkerCommand->handle()
#7 /home/sandeep/Documents/finpay/vendor/laravel/framework/src/Illuminate/Container/Util.php(43): Illuminate\\Container\\BoundMethod::Illuminate\\Container\\{closure}()
#8 /home/sandeep/Documents/finpay/vendor/laravel/framework/src/Illuminate/Container/BoundMethod.php(96): Illuminate\\Container\\Util::unwrapIfClosure()
#9 /home/sandeep/Documents/finpay/vendor/laravel/framework/src/Illuminate/Container/BoundMethod.php(35): Illuminate\\Container\\BoundMethod::callBoundMethod()
#10 /home/sandeep/Documents/finpay/vendor/laravel/framework/src/Illuminate/Container/Container.php(799): Illuminate\\Container\\BoundMethod::call()
#11 /home/sandeep/Documents/finpay/vendor/laravel/framework/src/Illuminate/Console/Command.php(211): Illuminate\\Container\\Container->call()
#12 /home/sandeep/Documents/finpay/vendor/symfony/console/Command/Command.php(341): Illuminate\\Console\\Command->execute()
#13 /home/sandeep/Documents/finpay/vendor/laravel/framework/src/Illuminate/Console/Command.php(180): Symfony\\Component\\Console\\Command\\Command->run()
#14 /home/sandeep/Documents/finpay/vendor/symfony/console/Application.php(1117): Illuminate\\Console\\Command->run()
#15 /home/sandeep/Documents/finpay/vendor/symfony/console/Application.php(356): Symfony\\Component\\Console\\Application->doRunCommand()
#16 /home/sandeep/Documents/finpay/vendor/symfony/console/Application.php(195): Symfony\\Component\\Console\\Application->doRun()
#17 /home/sandeep/Documents/finpay/vendor/laravel/framework/src/Illuminate/Foundation/Console/Kernel.php(198): Symfony\\Component\\Console\\Application->run()
#18 /home/sandeep/Documents/finpay/artisan(14): Illuminate\\Foundation\\Console\\Kernel->handle()
#19 {main}
"} 
[2026-08-21 10:42:11] local.ERROR: Symfony\Component\Console\Application::renderThrowable(): Argument #2 ($output) must be of type Symfony\Component\Console\Output\OutputInterface, null given, called in /home/sandeep/Documents/finpay/vendor/laravel/framework/src/Illuminate/Foundation/Exceptions/Handler.php on line 1059 {"exception":"[object] (TypeError(code: 0): Symfony\\Component\\Console\\Application::renderThrowable(): Argument #2 ($output) must be of type Symfony\\Component\\Console\\Output\\OutputInterface, null given, called in /home/sandeep/Documents/finpay/vendor/laravel/framework/src/Illuminate/Foundation/Exceptions/Handler.php on line 1059 at /home/sandeep/Documents/finpay/vendor/symfony/console/Application.php:890)
[stacktrace]
#0 /home/sandeep/Documents/finpay/vendor/laravel/framework/src/Illuminate/Foundation/Exceptions/Handler.php(1059): Symfony\\Component\\Console\\Application->renderThrowable()
#1 /home/sandeep/Documents/finpay/vendor/laravel/framework/src/Illuminate/Foundation/Console/Kernel.php(653): Illuminate\\Foundation\\Exceptions\\Handler->renderForConsole()
#2 /home/sandeep/Documents/finpay/vendor/laravel/framework/src/Illuminate/Foundation/Console/Kernel.php(202): Illuminate\\Foundation\\Console\\Kernel->renderException()
#3 /home/sandeep/Documents/finpay/artisan(14): Illuminate\\Foundation\\Console\\Kernel->handle()
#4 {main}
"} 
[2026-08-21 20:18:12] local.ERROR: Route [login] not defined. {"exception":"[object] (Symfony\\Component\\Routing\\Exception\\RouteNotFoundException(code: 0): Route [login] not defined. at /home/sandeep/Documents/finpay/vendor/laravel/framework/src/Illuminate/Routing/UrlGenerator.php:536)
[stacktrace]
#0 /home/sandeep/Documents/finpay/vendor/laravel/framework/src/Illuminate/Foundation/helpers.php(870): Illuminate\\Routing\\UrlGenerator->route()
#1 /home/sandeep/Documents/finpay/vendor/laravel/framework/src/Illuminate/Foundation/Configuration/ApplicationBuilder.php(278): route()
#2 [internal function]: Illuminate\\Foundation\\Configuration\\ApplicationBuilder->Illuminate\\Foundation\\Configuration\\{closure}()
#3 /home/sandeep/Documents/finpay/vendor/laravel/framework/src/Illuminate/Auth/Middleware/Authenticate.php(117): call_user_func()
#4 /home/sandeep/Documents/finpay/vendor/laravel/framework/src/Illuminate/Auth/Middleware/Authenticate.php(104): Illuminate\\Auth\\Middleware\\Authenticate->redirectTo()
#5 /home/sandeep/Documents/finpay/vendor/laravel/framework/src/Illuminate/Auth/Middleware/Authenticate.php(87): Illuminate\\Auth\\Middleware\\Authenticate->unauthenticated()
#6 /home/sandeep/Documents/finpay/vendor/laravel/framework/src/Illuminate/Auth/Middleware/Authenticate.php(61): Illuminate\\Auth\\Middleware\\Authenticate->authenticate()
#7 /home/sandeep/Documents/finpay/vendor/laravel/framework/src/Illuminate/Pipeline/Pipeline.php(219): Illuminate\\Auth\\Middleware\\Authenticate->handle()
#8 /home/sandeep/Documents/finpay/vendor/laravel/framework/src/Illuminate/Foundation/Http/Middleware/VerifyCsrfToken.php(87): Illuminate\\Pipeline\\Pipeline->Illuminate\\Pipeline\\{closure}()
#9 /home/sandeep/Documents/finpay/vendor/laravel/framework/src/Illuminate/Pipeline/Pipeline.php(219): Illuminate\\Foundation\\Http\\Middleware\\VerifyCsrfToken->handle()
#10 /home/sandeep/Documents/finpay/vendor/laravel/framework/src/Illuminate/View/Middleware/ShareErrorsFromSession.php(48): Illuminate\\Pipeline\\Pipeline->Illuminate\\Pipeline\\{closure}()
#11 /home/sandeep/Documents/finpay/vendor/laravel/framework/src/Illuminate/Pipeline/Pipeline.php(219): Illuminate\\View\\Middleware\\ShareErrorsFromSession->handle()
#12 /home/sandeep/Documents/finpay/vendor/laravel/framework/src/Illuminate/Session/Middleware/StartSession.php(120): Illuminate\\Pipeline\\Pipeline->Illuminate\\Pipeline\\{closure}()
#13 /home/sandeep/Documents/finpay/vendor/laravel/framework/src/Illuminate/Session/Middleware/StartSession.php(63): Illuminate\\Session\\Middleware\\StartSession->handleStatefulRequest()
#14 /home/sandeep/Documents/finpay/vendor/laravel/framework/src/Illuminate/Pipeline/Pipeline.php(219): Illuminate\\Session\\Middleware\\StartSession->handle()
#15 /home/sandeep/Documents/finpay/vendor/laravel/framework/src/Illuminate/Cookie/Middleware/AddQueuedCookiesToResponse.php(36): Illuminate\\Pipeline\\Pipeline->Illuminate\\Pipeline\\{closure}()
#16 /home/sandeep/Documents/finpay/vendor/laravel/framework/src/Illuminate/Pipeline/Pipeline.php(219): Illuminate\\Cookie\\Middleware\\AddQueuedCookiesToResponse->handle()
#17 /home/sandeep/Documents/finpay/vendor/laravel/framework/src/Illuminate/Cookie/Middleware/EncryptCookies.php(74): Illuminate\\Pipeline\\Pipeline->Illuminate\\Pipeline\\{closure}()
#18 /home/sandeep/Documents/finpay/vendor/laravel/framework/src/Illuminate/Pipeline/Pipeline.php(219): Illuminate\\Cookie\\Middleware\\EncryptCookies->handle()
#19 /home/sandeep/Documents/finpay/vendor/laravel/framework/src/Illuminate/Pipeline/Pipeline.php(137): Illuminate\\Pipeline\\Pipeline->Illuminate\\Pipeline\\{closure}()
#20 /home/sandeep/Documents/finpay/vendor/laravel/framework/src/Illuminate/Routing/Router.php(821): Illuminate\\Pipeline\\Pipeline->then()
#21 /home/sandeep/Documents/finpay/vendor/laravel/framework/src/Illuminate/Routing/Router.php(800): Illuminate\\Routing\\Router->runRouteWithinStack()
#22 /home/sandeep/Documents/finpay/vendor/laravel/framework/src/Illuminate/Routing/Router.php(764): Illuminate\\Routing\\Router->runRoute()
#23 /home/sandeep/Documents/finpay/vendor/laravel/framework/src/Illuminate/Routing/Router.php(753): Illuminate\\Routing\\Router->dispatchToRoute()
#24 /home/sandeep/Documents/finpay/vendor/laravel/framework/src/Illuminate/Foundation/Http/Kernel.php(200): Illuminate\\Routing\\Router->dispatch()
#25 /home/sandeep/Documents/finpay/vendor/laravel/framework/src/Illuminate/Pipeline/Pipeline.php(180): Illuminate\\Foundation\\Http\\Kernel->Illuminate\\Foundation\\Http\\{closure}()
#26 /home/sandeep/Documents/finpay/vendor/livewire/livewire/src/Features/SupportDisablingBackButtonCache/DisableBackButtonCacheMiddleware.php(19): Illuminate\\Pipeline\\Pipeline->Illuminate\\Pipeline\\{closure}()
#27 /home/sandeep/Documents/finpay/vendor/laravel/framework/src/Illuminate/Pipeline/Pipeline.php(219): Livewire\\Features\\SupportDisablingBackButtonCache\\DisableBackButtonCacheMiddleware->handle()
#28 /home/sandeep/Documents/finpay/app/Http/Middleware/SecurityHeaders.php(13): Illuminate\\Pipeline\\Pipeline->Illuminate\\Pipeline\\{closure}()
#29 /home/sandeep/Documents/finpay/vendor/laravel/framework/src/Illuminate/Pipeline/Pipeline.php(219): App\\Http\\Middleware\\SecurityHeaders->handle()
#30 /home/sandeep/Documents/finpay/vendor/laravel/framework/src/Illuminate/Foundation/Http/Middleware/TransformsRequest.php(21): Illuminate\\Pipeline\\Pipeline->Illuminate\\Pipeline\\{closure}()
#31 /home/sandeep/Documents/finpay/vendor/laravel/framework/src/Illuminate/Foundation/Http/Middleware/ConvertEmptyStringsToNull.php(31): Illuminate\\Foundation\\Http\\Middleware\\TransformsRequest->handle()
#32 /home/sandeep/Documents/finpay/vendor/laravel/framework/src/Illuminate/Pipeline/Pipeline.php(219): Illuminate\\Foundation\\Http\\Middleware\\ConvertEmptyStringsToNull->handle()
#33 /home/sandeep/Documents/finpay/vendor/laravel/framework/src/Illuminate/Foundation/Http/Middleware/TransformsRequest.php(21): Illuminate\\Pipeline\\Pipeline->Illuminate\\Pipeline\\{closure}()
#34 /home/sandeep/Documents/finpay/vendor/laravel/framework/src/Illuminate/Foundation/Http/Middleware/TrimStrings.php(51): Illuminate\\Foundation\\Http\\Middleware\\TransformsRequest->handle()
#35 /home/sandeep/Documents/finpay/vendor/laravel/framework/src/Illuminate/Pipeline/Pipeline.php(219): Illuminate\\Foundation\\Http\\Middleware\\TrimStrings->handle()
#36 /home/sandeep/Documents/finpay/vendor/laravel/framework/src/Illuminate/Http/Middleware/ValidatePostSize.php(27): Illuminate\\Pipeline\\Pipeline->Illuminate\\Pipeline\\{closure}()
#37 /home/sandeep/Documents/finpay/vendor/laravel/framework/src/Illuminate/Pipeline/Pipeline.php(219): Illuminate\\Http\\Middleware\\ValidatePostSize->handle()
#38 /home/sandeep/Documents/finpay/vendor/laravel/framework/src/Illuminate/Foundation/Http/Middleware/PreventRequestsDuringMaintenance.php(109): Illuminate\\Pipeline\\Pipeline->Illuminate\\Pipeline\\{closure}()
#39 /home/sandeep/Documents/finpay/vendor/laravel/framework/src/Illuminate/Pipeline/Pipeline.php(219): Illuminate\\Foundation\\Http\\Middleware\\PreventRequestsDuringMaintenance->handle()
#40 /home/sandeep/Documents/finpay/vendor/laravel/framework/src/Illuminate/Http/Middleware/HandleCors.php(61): Illuminate\\Pipeline\\Pipeline->Illuminate\\Pipeline\\{closure}()
#41 /home/sandeep/Documents/finpay/vendor/laravel/framework/src/Illuminate/Pipeline/Pipeline.php(219): Illuminate\\Http\\Middleware\\HandleCors->handle()
#42 /home/sandeep/Documents/finpay/vendor/laravel/framework/src/Illuminate/Http/Middleware/TrustProxies.php(58): Illuminate\\Pipeline\\Pipeline->Illuminate\\Pipeline\\{closure}()
#43 /home/sandeep/Documents/finpay/vendor/laravel/framework/src/Illuminate/Pipeline/Pipeline.php(219): Illuminate\\Http\\Middleware\\TrustProxies->handle()
#44 /home/sandeep/Documents/finpay/vendor/laravel/framework/src/Illuminate/Http/Middleware/TrustHosts.php(78): Illuminate\\Pipeline\\Pipeline->Illuminate\\Pipeline\\{closure}()
#45 /home/sandeep/Documents/finpay/vendor/laravel/framework/src/Illuminate/Pipeline/Pipeline.php(219): Illuminate\\Http\\Middleware\\TrustHosts->handle()
#46 /home/sandeep/Documents/finpay/vendor/laravel/framework/src/Illuminate/Foundation/Http/Middleware/InvokeDeferredCallbacks.php(22): Illuminate\\Pipeline\\Pipeline->Illuminate\\Pipeline\\{closure}()
#47 /home/sandeep/Documents/finpay/vendor/laravel/framework/src/Illuminate/Pipeline/Pipeline.php(219): Illuminate\\Foundation\\Http\\Middleware\\InvokeDeferredCallbacks->handle()
#48 /home/sandeep/Documents/finpay/vendor/laravel/framework/src/Illuminate/Http/Middleware/ValidatePathEncoding.php(26): Illuminate\\Pipeline\\Pipeline->Illuminate\\Pipeline\\{closure}()
#49 /home/sandeep/Documents/finpay/vendor/laravel/framework/src/Illuminate/Pipeline/Pipeline.php(219): Illuminate\\Http\\Middleware\\ValidatePathEncoding->handle()
#50 /home/sandeep/Documents/finpay/vendor/laravel/framework/src/Illuminate/Pipeline/Pipeline.php(137): Illuminate\\Pipeline\\Pipeline->Illuminate\\Pipeline\\{closure}()
#51 /home/sandeep/Documents/finpay/vendor/laravel/framework/src/Illuminate/Foundation/Http/Kernel.php(175): Illuminate\\Pipeline\\Pipeline->then()
#52 /home/sandeep/Documents/finpay/vendor/laravel/framework/src/Illuminate/Foundation/Http/Kernel.php(144): Illuminate\\Foundation\\Http\\Kernel->sendRequestThroughRouter()
#53 /home/sandeep/Documents/finpay/vendor/laravel/framework/src/Illuminate/Foundation/Application.php(1220): Illuminate\\Foundation\\Http\\Kernel->handle()
#54 /home/sandeep/Documents/finpay/public/index.php(19): Illuminate\\Foundation\\Application->handleRequest()
#55 /home/sandeep/Documents/finpay/vendor/laravel/framework/src/Illuminate/Foundation/resources/server.php(23): require_once('...')
#56 {main}
"} 
[2026-08-21 20:19:49] local.ERROR: SQLSTATE[42S02]: Base table or view not found: 1146 Table 'finpay.cache' doesn't exist (Connection: mysql, Host: 127.0.0.1, Port: 3306, Database: finpay, SQL: select * from `cache` where `key` in (finpay-cache-94d92f976fd06fd3e8cf53ec4e03d646)) {"exception":"[object] (Illuminate\\Database\\QueryException(code: 42S02): SQLSTATE[42S02]: Base table or view not found: 1146 Table 'finpay.cache' doesn't exist (Connection: mysql, Host: 127.0.0.1, Port: 3306, Database: finpay, SQL: select * from `cache` where `key` in (finpay-cache-94d92f976fd06fd3e8cf53ec4e03d646)) at /home/sandeep/Documents/finpay/vendor/laravel/framework/src/Illuminate/Database/Connection.php:838)
[stacktrace]
#0 /home/sandeep/Documents/finpay/vendor/laravel/framework/src/Illuminate/Database/Connection.php(794): Illuminate\\Database\\Connection->runQueryCallback()
#1 /home/sandeep/Documents/finpay/vendor/laravel/framework/src/Illuminate/Database/Connection.php(411): Illuminate\\Database\\Connection->run()
#2 /home/sandeep/Documents/finpay/vendor/laravel/framework/src/Illuminate/Database/Query/Builder.php(3505): Illuminate\\Database\\Connection->select()
#3 /home/sandeep/Documents/finpay/vendor/laravel/framework/src/Illuminate/Database/Query/Builder.php(3490): Illuminate\\Database\\Query\\Builder->runSelect()
#4 /home/sandeep/Documents/finpay/vendor/laravel/framework/src/Illuminate/Database/Query/Builder.php(4080): Illuminate\\Database\\Query\\Builder->Illuminate\\Database\\Query\\{closure}()
#5 /home/sandeep/Documents/finpay/vendor/laravel/framework/src/Illuminate/Database/Query/Builder.php(3489): Illuminate\\Database\\Query\\Builder->onceWithColumns()
#6 /home/sandeep/Documents/finpay/vendor/laravel/framework/src/Illuminate/Cache/DatabaseStore.php(140): Illuminate\\Database\\Query\\Builder->get()
#7 /home/sandeep/Documents/finpay/vendor/laravel/framework/src/Illuminate/Cache/DatabaseStore.php(115): Illuminate\\Cache\\DatabaseStore->many()
#8 /home/sandeep/Documents/finpay/vendor/laravel/framework/src/Illuminate/Cache/Repository.php(125): Illuminate\\Cache\\DatabaseStore->get()
#9 /home/sandeep/Documents/finpay/vendor/laravel/framework/src/Illuminate/Cache/RateLimiter.php(206): Illuminate\\Cache\\Repository->get()
#10 /home/sandeep/Documents/finpay/vendor/laravel/framework/src/Illuminate/Cache/RateLimiter.php(300): Illuminate\\Cache\\RateLimiter->Illuminate\\Cache\\{closure}()
#11 /home/sandeep/Documents/finpay/vendor/laravel/framework/src/Illuminate/Cache/RateLimiter.php(206): Illuminate\\Cache\\RateLimiter->withoutSerializationOrCompression()
#12 /home/sandeep/Documents/finpay/vendor/laravel/framework/src/Illuminate/Cache/RateLimiter.php(129): Illuminate\\Cache\\RateLimiter->attempts()
#13 /home/sandeep/Documents/finpay/vendor/laravel/framework/src/Illuminate/Routing/Middleware/ThrottleRequests.php(157): Illuminate\\Cache\\RateLimiter->tooManyAttempts()
#14 /home/sandeep/Documents/finpay/vendor/laravel/framework/src/Illuminate/Routing/Middleware/ThrottleRequests.php(129): Illuminate\\Routing\\Middleware\\ThrottleRequests->handleRequest()
#15 /home/sandeep/Documents/finpay/vendor/laravel/framework/src/Illuminate/Routing/Middleware/ThrottleRequests.php(90): Illuminate\\Routing\\Middleware\\ThrottleRequests->handleRequestUsingNamedLimiter()
#16 /home/sandeep/Documents/finpay/vendor/laravel/framework/src/Illuminate/Pipeline/Pipeline.php(219): Illuminate\\Routing\\Middleware\\ThrottleRequests->handle()
#17 /home/sandeep/Documents/finpay/vendor/laravel/framework/src/Illuminate/Foundation/Http/Middleware/VerifyCsrfToken.php(87): Illuminate\\Pipeline\\Pipeline->Illuminate\\Pipeline\\{closure}()
#18 /home/sandeep/Documents/finpay/vendor/laravel/framework/src/Illuminate/Pipeline/Pipeline.php(219): Illuminate\\Foundation\\Http\\Middleware\\VerifyCsrfToken->handle()
#19 /home/sandeep/Documents/finpay/vendor/laravel/framework/src/Illuminate/View/Middleware/ShareErrorsFromSession.php(48): Illuminate\\Pipeline\\Pipeline->Illuminate\\Pipeline\\{closure}()
#20 /home/sandeep/Documents/finpay/vendor/laravel/framework/src/Illuminate/Pipeline/Pipeline.php(219): Illuminate\\View\\Middleware\\ShareErrorsFromSession->handle()
#21 /home/sandeep/Documents/finpay/vendor/laravel/framework/src/Illuminate/Session/Middleware/StartSession.php(120): Illuminate\\Pipeline\\Pipeline->Illuminate\\Pipeline\\{closure}()
#22 /home/sandeep/Documents/finpay/vendor/laravel/framework/src/Illuminate/Session/Middleware/StartSession.php(63): Illuminate\\Session\\Middleware\\StartSession->handleStatefulRequest()
#23 /home/sandeep/Documents/finpay/vendor/laravel/framework/src/Illuminate/Pipeline/Pipeline.php(219): Illuminate\\Session\\Middleware\\StartSession->handle()
#24 /home/sandeep/Documents/finpay/vendor/laravel/framework/src/Illuminate/Cookie/Middleware/AddQueuedCookiesToResponse.php(36): Illuminate\\Pipeline\\Pipeline->Illuminate\\Pipeline\\{closure}()
#25 /home/sandeep/Documents/finpay/vendor/laravel/framework/src/Illuminate/Pipeline/Pipeline.php(219): Illuminate\\Cookie\\Middleware\\AddQueuedCookiesToResponse->handle()
#26 /home/sandeep/Documents/finpay/vendor/laravel/framework/src/Illuminate/Cookie/Middleware/EncryptCookies.php(74): Illuminate\\Pipeline\\Pipeline->Illuminate\\Pipeline\\{closure}()
#27 /home/sandeep/Documents/finpay/vendor/laravel/framework/src/Illuminate/Pipeline/Pipeline.php(219): Illuminate\\Cookie\\Middleware\\EncryptCookies->handle()
#28 /home/sandeep/Documents/finpay/vendor/laravel/framework/src/Illuminate/Pipeline/Pipeline.php(137): Illuminate\\Pipeline\\Pipeline->Illuminate\\Pipeline\\{closure}()
#29 /home/sandeep/Documents/finpay/vendor/laravel/framework/src/Illuminate/Routing/Router.php(821): Illuminate\\Pipeline\\Pipeline->then()
#30 /home/sandeep/Documents/finpay/vendor/laravel/framework/src/Illuminate/Routing/Router.php(800): Illuminate\\Routing\\Router->runRouteWithinStack()
#31 /home/sandeep/Documents/finpay/vendor/laravel/framework/src/Illuminate/Routing/Router.php(764): Illuminate\\Routing\\Router->runRoute()
#32 /home/sandeep/Documents/finpay/vendor/laravel/framework/src/Illuminate/Routing/Router.php(753): Illuminate\\Routing\\Router->dispatchToRoute()
#33 /home/sandeep/Documents/finpay/vendor/laravel/framework/src/Illuminate/Foundation/Http/Kernel.php(200): Illuminate\\Routing\\Router->dispatch()
#34 /home/sandeep/Documents/finpay/vendor/laravel/framework/src/Illuminate/Pipeline/Pipeline.php(180): Illuminate\\Foundation\\Http\\Kernel->Illuminate\\Foundation\\Http\\{closure}()
#35 /home/sandeep/Documents/finpay/vendor/livewire/livewire/src/Features/SupportDisablingBackButtonCache/DisableBackButtonCacheMiddleware.php(19): Illuminate\\Pipeline\\Pipeline->Illuminate\\Pipeline\\{closure}()
#36 /home/sandeep/Documents/finpay/vendor/laravel/framework/src/Illuminate/Pipeline/Pipeline.php(219): Livewire\\Features\\SupportDisablingBackButtonCache\\DisableBackButtonCacheMiddleware->handle()
#37 /home/sandeep/Documents/finpay/app/Http/Middleware/SecurityHeaders.php(13): Illuminate\\Pipeline\\Pipeline->Illuminate\\Pipeline\\{closure}()
#38 /home/sandeep/Documents/finpay/vendor/laravel/framework/src/Illuminate/Pipeline/Pipeline.php(219): App\\Http\\Middleware\\SecurityHeaders->handle()
#39 /home/sandeep/Documents/finpay/vendor/laravel/framework/src/Illuminate/Foundation/Http/Middleware/TransformsRequest.php(21): Illuminate\\Pipeline\\Pipeline->Illuminate\\Pipeline\\{closure}()
#40 /home/sandeep/Documents/finpay/vendor/laravel/framework/src/Illuminate/Foundation/Http/Middleware/ConvertEmptyStringsToNull.php(31): Illuminate\\Foundation\\Http\\Middleware\\TransformsRequest->handle()
#41 /home/sandeep/Documents/finpay/vendor/laravel/framework/src/Illuminate/Pipeline/Pipeline.php(219): Illuminate\\Foundation\\Http\\Middleware\\ConvertEmptyStringsToNull->handle()
#42 /home/sandeep/Documents/finpay/vendor/laravel/framework/src/Illuminate/Foundation/Http/Middleware/TransformsRequest.php(21): Illuminate\\Pipeline\\Pipeline->Illuminate\\Pipeline\\{closure}()
#43 /home/sandeep/Documents/finpay/vendor/laravel/framework/src/Illuminate/Foundation/Http/Middleware/TrimStrings.php(51): Illuminate\\Foundation\\Http\\Middleware\\TransformsRequest->handle()
#44 /home/sandeep/Documents/finpay/vendor/laravel/framework/src/Illuminate/Pipeline/Pipeline.php(219): Illuminate\\Foundation\\Http\\Middleware\\TrimStrings->handle()
#45 /home/sandeep/Documents/finpay/vendor/laravel/framework/src/Illuminate/Http/Middleware/ValidatePostSize.php(27): Illuminate\\Pipeline\\Pipeline->Illuminate\\Pipeline\\{closure}()
#46 /home/sandeep/Documents/finpay/vendor/laravel/framework/src/Illuminate/Pipeline/Pipeline.php(219): Illuminate\\Http\\Middleware\\ValidatePostSize->handle()
#47 /home/sandeep/Documents/finpay/vendor/laravel/framework/src/Illuminate/Foundation/Http/Middleware/PreventRequestsDuringMaintenance.php(109): Illuminate\\Pipeline\\Pipeline->Illuminate\\Pipeline\\{closure}()
#48 /home/sandeep/Documents/finpay/vendor/laravel/framework/src/Illuminate/Pipeline/Pipeline.php(219): Illuminate\\Foundation\\Http\\Middleware\\PreventRequestsDuringMaintenance->handle()
#49 /home/sandeep/Documents/finpay/vendor/laravel/framework/src/Illuminate/Http/Middleware/HandleCors.php(61): Illuminate\\Pipeline\\Pipeline->Illuminate\\Pipeline\\{closure}()
#50 /home/sandeep/Documents/finpay/vendor/laravel/framework/src/Illuminate/Pipeline/Pipeline.php(219): Illuminate\\Http\\Middleware\\HandleCors->handle()
#51 /home/sandeep/Documents/finpay/vendor/laravel/framework/src/Illuminate/Http/Middleware/TrustProxies.php(58): Illuminate\\Pipeline\\Pipeline->Illuminate\\Pipeline\\{closure}()
#52 /home/sandeep/Documents/finpay/vendor/laravel/framework/src/Illuminate/Pipeline/Pipeline.php(219): Illuminate\\Http\\Middleware\\TrustProxies->handle()
#53 /home/sandeep/Documents/finpay/vendor/laravel/framework/src/Illuminate/Http/Middleware/TrustHosts.php(78): Illuminate\\Pipeline\\Pipeline->Illuminate\\Pipeline\\{closure}()
#54 /home/sandeep/Documents/finpay/vendor/laravel/framework/src/Illuminate/Pipeline/Pipeline.php(219): Illuminate\\Http\\Middleware\\TrustHosts->handle()
#55 /home/sandeep/Documents/finpay/vendor/laravel/framework/src/Illuminate/Foundation/Http/Middleware/InvokeDeferredCallbacks.php(22): Illuminate\\Pipeline\\Pipeline->Illuminate\\Pipeline\\{closure}()
#56 /home/sandeep/Documents/finpay/vendor/laravel/framework/src/Illuminate/Pipeline/Pipeline.php(219): Illuminate\\Foundation\\Http\\Middleware\\InvokeDeferredCallbacks->handle()
#57 /home/sandeep/Documents/finpay/vendor/laravel/framework/src/Illuminate/Http/Middleware/ValidatePathEncoding.php(26): Illuminate\\Pipeline\\Pipeline->Illuminate\\Pipeline\\{closure}()
#58 /home/sandeep/Documents/finpay/vendor/laravel/framework/src/Illuminate/Pipeline/Pipeline.php(219): Illuminate\\Http\\Middleware\\ValidatePathEncoding->handle()
#59 /home/sandeep/Documents/finpay/vendor/laravel/framework/src/Illuminate/Pipeline/Pipeline.php(137): Illuminate\\Pipeline\\Pipeline->Illuminate\\Pipeline\\{closure}()
#60 /home/sandeep/Documents/finpay/vendor/laravel/framework/src/Illuminate/Foundation/Http/Kernel.php(175): Illuminate\\Pipeline\\Pipeline->then()
#61 /home/sandeep/Documents/finpay/vendor/laravel/framework/src/Illuminate/Foundation/Http/Kernel.php(144): Illuminate\\Foundation\\Http\\Kernel->sendRequestThroughRouter()
#62 /home/sandeep/Documents/finpay/vendor/laravel/framework/src/Illuminate/Foundation/Application.php(1220): Illuminate\\Foundation\\Http\\Kernel->handle()
#63 /home/sandeep/Documents/finpay/public/index.php(19): Illuminate\\Foundation\\Application->handleRequest()
#64 /home/sandeep/Documents/finpay/vendor/laravel/framework/src/Illuminate/Foundation/resources/server.php(23): require_once('...')
#65 {main}

[previous exception] [object] (PDOException(code: 42S02): SQLSTATE[42S02]: Base table or view not found: 1146 Table 'finpay.cache' doesn't exist at /home/sandeep/Documents/finpay/vendor/laravel/framework/src/Illuminate/Database/Connection.php:420)
[stacktrace]
#0 /home/sandeep/Documents/finpay/vendor/laravel/framework/src/Illuminate/Database/Connection.php(420): PDO->prepare()
#1 /home/sandeep/Documents/finpay/vendor/laravel/framework/src/Illuminate/Database/Connection.php(827): Illuminate\\Database\\Connection->Illuminate\\Database\\{closure}()
#2 /home/sandeep/Documents/finpay/vendor/laravel/framework/src/Illuminate/Database/Connection.php(794): Illuminate\\Database\\Connection->runQueryCallback()
#3 /home/sandeep/Documents/finpay/vendor/laravel/framework/src/Illuminate/Database/Connection.php(411): Illuminate\\Database\\Connection->run()
#4 /home/sandeep/Documents/finpay/vendor/laravel/framework/src/Illuminate/Database/Query/Builder.php(3505): Illuminate\\Database\\Connection->select()
#5 /home/sandeep/Documents/finpay/vendor/laravel/framework/src/Illuminate/Database/Query/Builder.php(3490): Illuminate\\Database\\Query\\Builder->runSelect()
#6 /home/sandeep/Documents/finpay/vendor/laravel/framework/src/Illuminate/Database/Query/Builder.php(4080): Illuminate\\Database\\Query\\Builder->Illuminate\\Database\\Query\\{closure}()
#7 /home/sandeep/Documents/finpay/vendor/laravel/framework/src/Illuminate/Database/Query/Builder.php(3489): Illuminate\\Database\\Query\\Builder->onceWithColumns()
#8 /home/sandeep/Documents/finpay/vendor/laravel/framework/src/Illuminate/Cache/DatabaseStore.php(140): Illuminate\\Database\\Query\\Builder->get()
#9 /home/sandeep/Documents/finpay/vendor/laravel/framework/src/Illuminate/Cache/DatabaseStore.php(115): Illuminate\\Cache\\DatabaseStore->many()
#10 /home/sandeep/Documents/finpay/vendor/laravel/framework/src/Illuminate/Cache/Repository.php(125): Illuminate\\Cache\\DatabaseStore->get()
#11 /home/sandeep/Documents/finpay/vendor/laravel/framework/src/Illuminate/Cache/RateLimiter.php(206): Illuminate\\Cache\\Repository->get()
#12 /home/sandeep/Documents/finpay/vendor/laravel/framework/src/Illuminate/Cache/RateLimiter.php(300): Illuminate\\Cache\\RateLimiter->Illuminate\\Cache\\{closure}()
#13 /home/sandeep/Documents/finpay/vendor/laravel/framework/src/Illuminate/Cache/RateLimiter.php(206): Illuminate\\Cache\\RateLimiter->withoutSerializationOrCompression()
#14 /home/sandeep/Documents/finpay/vendor/laravel/framework/src/Illuminate/Cache/RateLimiter.php(129): Illuminate\\Cache\\RateLimiter->attempts()
#15 /home/sandeep/Documents/finpay/vendor/laravel/framework/src/Illuminate/Routing/Middleware/ThrottleRequests.php(157): Illuminate\\Cache\\RateLimiter->tooManyAttempts()
#16 /home/sandeep/Documents/finpay/vendor/laravel/framework/src/Illuminate/Routing/Middleware/ThrottleRequests.php(129): Illuminate\\Routing\\Middleware\\ThrottleRequests->handleRequest()
#17 /home/sandeep/Documents/finpay/vendor/laravel/framework/src/Illuminate/Routing/Middleware/ThrottleRequests.php(90): Illuminate\\Routing\\Middleware\\ThrottleRequests->handleRequestUsingNamedLimiter()
#18 /home/sandeep/Documents/finpay/vendor/laravel/framework/src/Illuminate/Pipeline/Pipeline.php(219): Illuminate\\Routing\\Middleware\\ThrottleRequests->handle()
#19 /home/sandeep/Documents/finpay/vendor/laravel/framework/src/Illuminate/Foundation/Http/Middleware/VerifyCsrfToken.php(87): Illuminate\\Pipeline\\Pipeline->Illuminate\\Pipeline\\{closure}()
#20 /home/sandeep/Documents/finpay/vendor/laravel/framework/src/Illuminate/Pipeline/Pipeline.php(219): Illuminate\\Foundation\\Http\\Middleware\\VerifyCsrfToken->handle()
#21 /home/sandeep/Documents/finpay/vendor/laravel/framework/src/Illuminate/View/Middleware/ShareErrorsFromSession.php(48): Illuminate\\Pipeline\\Pipeline->Illuminate\\Pipeline\\{closure}()
#22 /home/sandeep/Documents/finpay/vendor/laravel/framework/src/Illuminate/Pipeline/Pipeline.php(219): Illuminate\\View\\Middleware\\ShareErrorsFromSession->handle()
#23 /home/sandeep/Documents/finpay/vendor/laravel/framework/src/Illuminate/Session/Middleware/StartSession.php(120): Illuminate\\Pipeline\\Pipeline->Illuminate\\Pipeline\\{closure}()
#24 /home/sandeep/Documents/finpay/vendor/laravel/framework/src/Illuminate/Session/Middleware/StartSession.php(63): Illuminate\\Session\\Middleware\\StartSession->handleStatefulRequest()
#25 /home/sandeep/Documents/finpay/vendor/laravel/framework/src/Illuminate/Pipeline/Pipeline.php(219): Illuminate\\Session\\Middleware\\StartSession->handle()
#26 /home/sandeep/Documents/finpay/vendor/laravel/framework/src/Illuminate/Cookie/Middleware/AddQueuedCookiesToResponse.php(36): Illuminate\\Pipeline\\Pipeline->Illuminate\\Pipeline\\{closure}()
#27 /home/sandeep/Documents/finpay/vendor/laravel/framework/src/Illuminate/Pipeline/Pipeline.php(219): Illuminate\\Cookie\\Middleware\\AddQueuedCookiesToResponse->handle()
#28 /home/sandeep/Documents/finpay/vendor/laravel/framework/src/Illuminate/Cookie/Middleware/EncryptCookies.php(74): Illuminate\\Pipeline\\Pipeline->Illuminate\\Pipeline\\{closure}()
#29 /home/sandeep/Documents/finpay/vendor/laravel/framework/src/Illuminate/Pipeline/Pipeline.php(219): Illuminate\\Cookie\\Middleware\\EncryptCookies->handle()
#30 /home/sandeep/Documents/finpay/vendor/laravel/framework/src/Illuminate/Pipeline/Pipeline.php(137): Illuminate\\Pipeline\\Pipeline->Illuminate\\Pipeline\\{closure}()
#31 /home/sandeep/Documents/finpay/vendor/laravel/framework/src/Illuminate/Routing/Router.php(821): Illuminate\\Pipeline\\Pipeline->then()
#32 /home/sandeep/Documents/finpay/vendor/laravel/framework/src/Illuminate/Routing/Router.php(800): Illuminate\\Routing\\Router->runRouteWithinStack()
#33 /home/sandeep/Documents/finpay/vendor/laravel/framework/src/Illuminate/Routing/Router.php(764): Illuminate\\Routing\\Router->runRoute()
#34 /home/sandeep/Documents/finpay/vendor/laravel/framework/src/Illuminate/Routing/Router.php(753): Illuminate\\Routing\\Router->dispatchToRoute()
#35 /home/sandeep/Documents/finpay/vendor/laravel/framework/src/Illuminate/Foundation/Http/Kernel.php(200): Illuminate\\Routing\\Router->dispatch()
#36 /home/sandeep/Documents/finpay/vendor/laravel/framework/src/Illuminate/Pipeline/Pipeline.php(180): Illuminate\\Foundation\\Http\\Kernel->Illuminate\\Foundation\\Http\\{closure}()
#37 /home/sandeep/Documents/finpay/vendor/livewire/livewire/src/Features/SupportDisablingBackButtonCache/DisableBackButtonCacheMiddleware.php(19): Illuminate\\Pipeline\\Pipeline->Illuminate\\Pipeline\\{closure}()
#38 /home/sandeep/Documents/finpay/vendor/laravel/framework/src/Illuminate/Pipeline/Pipeline.php(219): Livewire\\Features\\SupportDisablingBackButtonCache\\DisableBackButtonCacheMiddleware->handle()
#39 /home/sandeep/Documents/finpay/app/Http/Middleware/SecurityHeaders.php(13): Illuminate\\Pipeline\\Pipeline->Illuminate\\Pipeline\\{closure}()
#40 /home/sandeep/Documents/finpay/vendor/laravel/framework/src/Illuminate/Pipeline/Pipeline.php(219): App\\Http\\Middleware\\SecurityHeaders->handle()
#41 /home/sandeep/Documents/finpay/vendor/laravel/framework/src/Illuminate/Foundation/Http/Middleware/TransformsRequest.php(21): Illuminate\\Pipeline\\Pipeline->Illuminate\\Pipeline\\{closure}()
#42 /home/sandeep/Documents/finpay/vendor/laravel/framework/src/Illuminate/Foundation/Http/Middleware/ConvertEmptyStringsToNull.php(31): Illuminate\\Foundation\\Http\\Middleware\\TransformsRequest->handle()
#43 /home/sandeep/Documents/finpay/vendor/laravel/framework/src/Illuminate/Pipeline/Pipeline.php(219): Illuminate\\Foundation\\Http\\Middleware\\ConvertEmptyStringsToNull->handle()
#44 /home/sandeep/Documents/finpay/vendor/laravel/framework/src/Illuminate/Foundation/Http/Middleware/TransformsRequest.php(21): Illuminate\\Pipeline\\Pipeline->Illuminate\\Pipeline\\{closure}()
#45 /home/sandeep/Documents/finpay/vendor/laravel/framework/src/Illuminate/Foundation/Http/Middleware/TrimStrings.php(51): Illuminate\\Foundation\\Http\\Middleware\\TransformsRequest->handle()
#46 /home/sandeep/Documents/finpay/vendor/laravel/framework/src/Illuminate/Pipeline/Pipeline.php(219): Illuminate\\Foundation\\Http\\Middleware\\TrimStrings->handle()
#47 /home/sandeep/Documents/finpay/vendor/laravel/framework/src/Illuminate/Http/Middleware/ValidatePostSize.php(27): Illuminate\\Pipeline\\Pipeline->Illuminate\\Pipeline\\{closure}()
#48 /home/sandeep/Documents/finpay/vendor/laravel/framework/src/Illuminate/Pipeline/Pipeline.php(219): Illuminate\\Http\\Middleware\\ValidatePostSize->handle()
#49 /home/sandeep/Documents/finpay/vendor/laravel/framework/src/Illuminate/Foundation/Http/Middleware/PreventRequestsDuringMaintenance.php(109): Illuminate\\Pipeline\\Pipeline->Illuminate\\Pipeline\\{closure}()
#50 /home/sandeep/Documents/finpay/vendor/laravel/framework/src/Illuminate/Pipeline/Pipeline.php(219): Illuminate\\Foundation\\Http\\Middleware\\PreventRequestsDuringMaintenance->handle()
#51 /home/sandeep/Documents/finpay/vendor/laravel/framework/src/Illuminate/Http/Middleware/HandleCors.php(61): Illuminate\\Pipeline\\Pipeline->Illuminate\\Pipeline\\{closure}()
#52 /home/sandeep/Documents/finpay/vendor/laravel/framework/src/Illuminate/Pipeline/Pipeline.php(219): Illuminate\\Http\\Middleware\\HandleCors->handle()
#53 /home/sandeep/Documents/finpay/vendor/laravel/framework/src/Illuminate/Http/Middleware/TrustProxies.php(58): Illuminate\\Pipeline\\Pipeline->Illuminate\\Pipeline\\{closure}()
#54 /home/sandeep/Documents/finpay/vendor/laravel/framework/src/Illuminate/Pipeline/Pipeline.php(219): Illuminate\\Http\\Middleware\\TrustProxies->handle()
#55 /home/sandeep/Documents/finpay/vendor/laravel/framework/src/Illuminate/Http/Middleware/TrustHosts.php(78): Illuminate\\Pipeline\\Pipeline->Illuminate\\Pipeline\\{closure}()
#56 /home/sandeep/Documents/finpay/vendor/laravel/framework/src/Illuminate/Pipeline/Pipeline.php(219): Illuminate\\Http\\Middleware\\TrustHosts->handle()
#57 /home/sandeep/Documents/finpay/vendor/laravel/framework/src/Illuminate/Foundation/Http/Middleware/InvokeDeferredCallbacks.php(22): Illuminate\\Pipeline\\Pipeline->Illuminate\\Pipeline\\{closure}()
#58 /home/sandeep/Documents/finpay/vendor/laravel/framework/src/Illuminate/Pipeline/Pipeline.php(219): Illuminate\\Foundation\\Http\\Middleware\\InvokeDeferredCallbacks->handle()
#59 /home/sandeep/Documents/finpay/vendor/laravel/framework/src/Illuminate/Http/Middleware/ValidatePathEncoding.php(26): Illuminate\\Pipeline\\Pipeline->Illuminate\\Pipeline\\{closure}()
#60 /home/sandeep/Documents/finpay/vendor/laravel/framework/src/Illuminate/Pipeline/Pipeline.php(219): Illuminate\\Http\\Middleware\\ValidatePathEncoding->handle()
#61 /home/sandeep/Documents/finpay/vendor/laravel/framework/src/Illuminate/Pipeline/Pipeline.php(137): Illuminate\\Pipeline\\Pipeline->Illuminate\\Pipeline\\{closure}()
#62 /home/sandeep/Documents/finpay/vendor/laravel/framework/src/Illuminate/Foundation/Http/Kernel.php(175): Illuminate\\Pipeline\\Pipeline->then()
#63 /home/sandeep/Documents/finpay/vendor/laravel/framework/src/Illuminate/Foundation/Http/Kernel.php(144): Illuminate\\Foundation\\Http\\Kernel->sendRequestThroughRouter()
#64 /home/sandeep/Documents/finpay/vendor/laravel/framework/src/Illuminate/Foundation/Application.php(1220): Illuminate\\Foundation\\Http\\Kernel->handle()
#65 /home/sandeep/Documents/finpay/public/index.php(19): Illuminate\\Foundation\\Application->handleRequest()
#66 /home/sandeep/Documents/finpay/vendor/laravel/framework/src/Illuminate/Foundation/resources/server.php(23): require_once('...')
#67 {main}
"} 
[2026-08-21 20:20:07] local.ERROR: Command "migrte" is not defined.

Did you mean one of these?
    migrate
    migrate:fresh
    migrate:install
    migrate:refresh
    migrate:reset
    migrate:rollback
    migrate:status {"exception":"[object] (Symfony\\Component\\Console\\Exception\\CommandNotFoundException(code: 0): Command \"migrte\" is not defined.

Did you mean one of these?
    migrate
    migrate:fresh
    migrate:install
    migrate:refresh
    migrate:reset
    migrate:rollback
    migrate:status at /home/sandeep/Documents/finpay/vendor/symfony/console/Application.php:759)
[stacktrace]
#0 /home/sandeep/Documents/finpay/vendor/symfony/console/Application.php(298): Symfony\\Component\\Console\\Application->find()
#1 /home/sandeep/Documents/finpay/vendor/symfony/console/Application.php(195): Symfony\\Component\\Console\\Application->doRun()
#2 /home/sandeep/Documents/finpay/vendor/laravel/framework/src/Illuminate/Foundation/Console/Kernel.php(198): Symfony\\Component\\Console\\Application->run()
#3 /home/sandeep/Documents/finpay/artisan(14): Illuminate\\Foundation\\Console\\Kernel->handle()
#4 {main}
"} 
[2026-08-21 20:20:07] local.ERROR: Call to a member function writeln() on null {"exception":"[object] (Error(code: 0): Call to a member function writeln() on null at /home/sandeep/Documents/finpay/vendor/laravel/framework/src/Illuminate/Foundation/Exceptions/Handler.php:1051)
[stacktrace]
#0 /home/sandeep/Documents/finpay/vendor/laravel/framework/src/Illuminate/Foundation/Console/Kernel.php(653): Illuminate\\Foundation\\Exceptions\\Handler->renderForConsole()
#1 /home/sandeep/Documents/finpay/vendor/laravel/framework/src/Illuminate/Foundation/Console/Kernel.php(202): Illuminate\\Foundation\\Console\\Kernel->renderException()
#2 /home/sandeep/Documents/finpay/artisan(14): Illuminate\\Foundation\\Console\\Kernel->handle()
#3 {main}
"} 
[2026-08-21 20:20:27] local.ERROR: SQLSTATE[42S02]: Base table or view not found: 1146 Table 'finpay.cache' doesn't exist (Connection: mysql, Host: 127.0.0.1, Port: 3306, Database: finpay, SQL: delete from `cache`) {"exception":"[object] (Illuminate\\Database\\QueryException(code: 42S02): SQLSTATE[42S02]: Base table or view not found: 1146 Table 'finpay.cache' doesn't exist (Connection: mysql, Host: 127.0.0.1, Port: 3306, Database: finpay, SQL: delete from `cache`) at /home/sandeep/Documents/finpay/vendor/laravel/framework/src/Illuminate/Database/Connection.php:838)
[stacktrace]
#0 /home/sandeep/Documents/finpay/vendor/laravel/framework/src/Illuminate/Database/Connection.php(794): Illuminate\\Database\\Connection->runQueryCallback()
#1 /home/sandeep/Documents/finpay/vendor/laravel/framework/src/Illuminate/Database/Connection.php(597): Illuminate\\Database\\Connection->run()
#2 /home/sandeep/Documents/finpay/vendor/laravel/framework/src/Illuminate/Database/Connection.php(561): Illuminate\\Database\\Connection->affectingStatement()
#3 /home/sandeep/Documents/finpay/vendor/laravel/framework/src/Illuminate/Database/Query/Builder.php(4426): Illuminate\\Database\\Connection->delete()
#4 /home/sandeep/Documents/finpay/vendor/laravel/framework/src/Illuminate/Cache/DatabaseStore.php(433): Illuminate\\Database\\Query\\Builder->delete()
#5 /home/sandeep/Documents/finpay/vendor/laravel/framework/src/Illuminate/Cache/Repository.php(979): Illuminate\\Cache\\DatabaseStore->flush()
#6 /home/sandeep/Documents/finpay/vendor/laravel/framework/src/Illuminate/Cache/Console/ClearCommand.php(68): Illuminate\\Cache\\Repository->__call()
#7 /home/sandeep/Documents/finpay/vendor/laravel/framework/src/Illuminate/Container/BoundMethod.php(36): Illuminate\\Cache\\Console\\ClearCommand->handle()
#8 /home/sandeep/Documents/finpay/vendor/laravel/framework/src/Illuminate/Container/Util.php(43): Illuminate\\Container\\BoundMethod::Illuminate\\Container\\{closure}()
#9 /home/sandeep/Documents/finpay/vendor/laravel/framework/src/Illuminate/Container/BoundMethod.php(96): Illuminate\\Container\\Util::unwrapIfClosure()
#10 /home/sandeep/Documents/finpay/vendor/laravel/framework/src/Illuminate/Container/BoundMethod.php(35): Illuminate\\Container\\BoundMethod::callBoundMethod()
#11 /home/sandeep/Documents/finpay/vendor/laravel/framework/src/Illuminate/Container/Container.php(799): Illuminate\\Container\\BoundMethod::call()
#12 /home/sandeep/Documents/finpay/vendor/laravel/framework/src/Illuminate/Console/Command.php(211): Illuminate\\Container\\Container->call()
#13 /home/sandeep/Documents/finpay/vendor/symfony/console/Command/Command.php(341): Illuminate\\Console\\Command->execute()
#14 /home/sandeep/Documents/finpay/vendor/laravel/framework/src/Illuminate/Console/Command.php(180): Symfony\\Component\\Console\\Command\\Command->run()
#15 /home/sandeep/Documents/finpay/vendor/symfony/console/Application.php(1117): Illuminate\\Console\\Command->run()
#16 /home/sandeep/Documents/finpay/vendor/symfony/console/Application.php(356): Symfony\\Component\\Console\\Application->doRunCommand()
#17 /home/sandeep/Documents/finpay/vendor/symfony/console/Application.php(195): Symfony\\Component\\Console\\Application->doRun()
#18 /home/sandeep/Documents/finpay/vendor/laravel/framework/src/Illuminate/Foundation/Console/Kernel.php(198): Symfony\\Component\\Console\\Application->run()
#19 /home/sandeep/Documents/finpay/artisan(14): Illuminate\\Foundation\\Console\\Kernel->handle()
#20 {main}

[previous exception] [object] (PDOException(code: 42S02): SQLSTATE[42S02]: Base table or view not found: 1146 Table 'finpay.cache' doesn't exist at /home/sandeep/Documents/finpay/vendor/laravel/framework/src/Illuminate/Database/Connection.php:605)
[stacktrace]
#0 /home/sandeep/Documents/finpay/vendor/laravel/framework/src/Illuminate/Database/Connection.php(605): PDO->prepare()
#1 /home/sandeep/Documents/finpay/vendor/laravel/framework/src/Illuminate/Database/Connection.php(827): Illuminate\\Database\\Connection->Illuminate\\Database\\{closure}()
#2 /home/sandeep/Documents/finpay/vendor/laravel/framework/src/Illuminate/Database/Connection.php(794): Illuminate\\Database\\Connection->runQueryCallback()
#3 /home/sandeep/Documents/finpay/vendor/laravel/framework/src/Illuminate/Database/Connection.php(597): Illuminate\\Database\\Connection->run()
#4 /home/sandeep/Documents/finpay/vendor/laravel/framework/src/Illuminate/Database/Connection.php(561): Illuminate\\Database\\Connection->affectingStatement()
#5 /home/sandeep/Documents/finpay/vendor/laravel/framework/src/Illuminate/Database/Query/Builder.php(4426): Illuminate\\Database\\Connection->delete()
#6 /home/sandeep/Documents/finpay/vendor/laravel/framework/src/Illuminate/Cache/DatabaseStore.php(433): Illuminate\\Database\\Query\\Builder->delete()
#7 /home/sandeep/Documents/finpay/vendor/laravel/framework/src/Illuminate/Cache/Repository.php(979): Illuminate\\Cache\\DatabaseStore->flush()
#8 /home/sandeep/Documents/finpay/vendor/laravel/framework/src/Illuminate/Cache/Console/ClearCommand.php(68): Illuminate\\Cache\\Repository->__call()
#9 /home/sandeep/Documents/finpay/vendor/laravel/framework/src/Illuminate/Container/BoundMethod.php(36): Illuminate\\Cache\\Console\\ClearCommand->handle()
#10 /home/sandeep/Documents/finpay/vendor/laravel/framework/src/Illuminate/Container/Util.php(43): Illuminate\\Container\\BoundMethod::Illuminate\\Container\\{closure}()
#11 /home/sandeep/Documents/finpay/vendor/laravel/framework/src/Illuminate/Container/BoundMethod.php(96): Illuminate\\Container\\Util::unwrapIfClosure()
#12 /home/sandeep/Documents/finpay/vendor/laravel/framework/src/Illuminate/Container/BoundMethod.php(35): Illuminate\\Container\\BoundMethod::callBoundMethod()
#13 /home/sandeep/Documents/finpay/vendor/laravel/framework/src/Illuminate/Container/Container.php(799): Illuminate\\Container\\BoundMethod::call()
#14 /home/sandeep/Documents/finpay/vendor/laravel/framework/src/Illuminate/Console/Command.php(211): Illuminate\\Container\\Container->call()
#15 /home/sandeep/Documents/finpay/vendor/symfony/console/Command/Command.php(341): Illuminate\\Console\\Command->execute()
#16 /home/sandeep/Documents/finpay/vendor/laravel/framework/src/Illuminate/Console/Command.php(180): Symfony\\Component\\Console\\Command\\Command->run()
#17 /home/sandeep/Documents/finpay/vendor/symfony/console/Application.php(1117): Illuminate\\Console\\Command->run()
#18 /home/sandeep/Documents/finpay/vendor/symfony/console/Application.php(356): Symfony\\Component\\Console\\Application->doRunCommand()
#19 /home/sandeep/Documents/finpay/vendor/symfony/console/Application.php(195): Symfony\\Component\\Console\\Application->doRun()
#20 /home/sandeep/Documents/finpay/vendor/laravel/framework/src/Illuminate/Foundation/Console/Kernel.php(198): Symfony\\Component\\Console\\Application->run()
#21 /home/sandeep/Documents/finpay/artisan(14): Illuminate\\Foundation\\Console\\Kernel->handle()
#22 {main}
"} 
[2026-08-21 20:20:27] local.ERROR: Symfony\Component\Console\Application::renderThrowable(): Argument #2 ($output) must be of type Symfony\Component\Console\Output\OutputInterface, null given, called in /home/sandeep/Documents/finpay/vendor/laravel/framework/src/Illuminate/Foundation/Exceptions/Handler.php on line 1059 {"exception":"[object] (TypeError(code: 0): Symfony\\Component\\Console\\Application::renderThrowable(): Argument #2 ($output) must be of type Symfony\\Component\\Console\\Output\\OutputInterface, null given, called in /home/sandeep/Documents/finpay/vendor/laravel/framework/src/Illuminate/Foundation/Exceptions/Handler.php on line 1059 at /home/sandeep/Documents/finpay/vendor/symfony/console/Application.php:890)
[stacktrace]
#0 /home/sandeep/Documents/finpay/vendor/laravel/framework/src/Illuminate/Foundation/Exceptions/Handler.php(1059): Symfony\\Component\\Console\\Application->renderThrowable()
#1 /home/sandeep/Documents/finpay/vendor/laravel/framework/src/Illuminate/Foundation/Console/Kernel.php(653): Illuminate\\Foundation\\Exceptions\\Handler->renderForConsole()
#2 /home/sandeep/Documents/finpay/vendor/laravel/framework/src/Illuminate/Foundation/Console/Kernel.php(202): Illuminate\\Foundation\\Console\\Kernel->renderException()
#3 /home/sandeep/Documents/finpay/artisan(14): Illuminate\\Foundation\\Console\\Kernel->handle()
#4 {main}
"} 
[2026-08-21 20:22:50] local.ERROR: SQLSTATE[42S22]: Column not found: 1054 Unknown column 'key' in 'where clause' (Connection: mysql, Host: 127.0.0.1, Port: 3306, Database: finpay, SQL: select * from `cache` where `key` in (finpay-cache-94d92f976fd06fd3e8cf53ec4e03d646)) {"exception":"[object] (Illuminate\\Database\\QueryException(code: 42S22): SQLSTATE[42S22]: Column not found: 1054 Unknown column 'key' in 'where clause' (Connection: mysql, Host: 127.0.0.1, Port: 3306, Database: finpay, SQL: select * from `cache` where `key` in (finpay-cache-94d92f976fd06fd3e8cf53ec4e03d646)) at /home/sandeep/Documents/finpay/vendor/laravel/framework/src/Illuminate/Database/Connection.php:838)
[stacktrace]
#0 /home/sandeep/Documents/finpay/vendor/laravel/framework/src/Illuminate/Database/Connection.php(794): Illuminate\\Database\\Connection->runQueryCallback()
#1 /home/sandeep/Documents/finpay/vendor/laravel/framework/src/Illuminate/Database/Connection.php(411): Illuminate\\Database\\Connection->run()
#2 /home/sandeep/Documents/finpay/vendor/laravel/framework/src/Illuminate/Database/Query/Builder.php(3505): Illuminate\\Database\\Connection->select()
#3 /home/sandeep/Documents/finpay/vendor/laravel/framework/src/Illuminate/Database/Query/Builder.php(3490): Illuminate\\Database\\Query\\Builder->runSelect()
#4 /home/sandeep/Documents/finpay/vendor/laravel/framework/src/Illuminate/Database/Query/Builder.php(4080): Illuminate\\Database\\Query\\Builder->Illuminate\\Database\\Query\\{closure}()
#5 /home/sandeep/Documents/finpay/vendor/laravel/framework/src/Illuminate/Database/Query/Builder.php(3489): Illuminate\\Database\\Query\\Builder->onceWithColumns()
#6 /home/sandeep/Documents/finpay/vendor/laravel/framework/src/Illuminate/Cache/DatabaseStore.php(140): Illuminate\\Database\\Query\\Builder->get()
#7 /home/sandeep/Documents/finpay/vendor/laravel/framework/src/Illuminate/Cache/DatabaseStore.php(115): Illuminate\\Cache\\DatabaseStore->many()
#8 /home/sandeep/Documents/finpay/vendor/laravel/framework/src/Illuminate/Cache/Repository.php(125): Illuminate\\Cache\\DatabaseStore->get()
#9 /home/sandeep/Documents/finpay/vendor/laravel/framework/src/Illuminate/Cache/RateLimiter.php(206): Illuminate\\Cache\\Repository->get()
#10 /home/sandeep/Documents/finpay/vendor/laravel/framework/src/Illuminate/Cache/RateLimiter.php(300): Illuminate\\Cache\\RateLimiter->Illuminate\\Cache\\{closure}()
#11 /home/sandeep/Documents/finpay/vendor/laravel/framework/src/Illuminate/Cache/RateLimiter.php(206): Illuminate\\Cache\\RateLimiter->withoutSerializationOrCompression()
#12 /home/sandeep/Documents/finpay/vendor/laravel/framework/src/Illuminate/Cache/RateLimiter.php(129): Illuminate\\Cache\\RateLimiter->attempts()
#13 /home/sandeep/Documents/finpay/vendor/laravel/framework/src/Illuminate/Routing/Middleware/ThrottleRequests.php(157): Illuminate\\Cache\\RateLimiter->tooManyAttempts()
#14 /home/sandeep/Documents/finpay/vendor/laravel/framework/src/Illuminate/Routing/Middleware/ThrottleRequests.php(129): Illuminate\\Routing\\Middleware\\ThrottleRequests->handleRequest()
#15 /home/sandeep/Documents/finpay/vendor/laravel/framework/src/Illuminate/Routing/Middleware/ThrottleRequests.php(90): Illuminate\\Routing\\Middleware\\ThrottleRequests->handleRequestUsingNamedLimiter()
#16 /home/sandeep/Documents/finpay/vendor/laravel/framework/src/Illuminate/Pipeline/Pipeline.php(219): Illuminate\\Routing\\Middleware\\ThrottleRequests->handle()
#17 /home/sandeep/Documents/finpay/vendor/laravel/framework/src/Illuminate/Foundation/Http/Middleware/VerifyCsrfToken.php(87): Illuminate\\Pipeline\\Pipeline->Illuminate\\Pipeline\\{closure}()
#18 /home/sandeep/Documents/finpay/vendor/laravel/framework/src/Illuminate/Pipeline/Pipeline.php(219): Illuminate\\Foundation\\Http\\Middleware\\VerifyCsrfToken->handle()
#19 /home/sandeep/Documents/finpay/vendor/laravel/framework/src/Illuminate/View/Middleware/ShareErrorsFromSession.php(48): Illuminate\\Pipeline\\Pipeline->Illuminate\\Pipeline\\{closure}()
#20 /home/sandeep/Documents/finpay/vendor/laravel/framework/src/Illuminate/Pipeline/Pipeline.php(219): Illuminate\\View\\Middleware\\ShareErrorsFromSession->handle()
#21 /home/sandeep/Documents/finpay/vendor/laravel/framework/src/Illuminate/Session/Middleware/StartSession.php(120): Illuminate\\Pipeline\\Pipeline->Illuminate\\Pipeline\\{closure}()
#22 /home/sandeep/Documents/finpay/vendor/laravel/framework/src/Illuminate/Session/Middleware/StartSession.php(63): Illuminate\\Session\\Middleware\\StartSession->handleStatefulRequest()
#23 /home/sandeep/Documents/finpay/vendor/laravel/framework/src/Illuminate/Pipeline/Pipeline.php(219): Illuminate\\Session\\Middleware\\StartSession->handle()
#24 /home/sandeep/Documents/finpay/vendor/laravel/framework/src/Illuminate/Cookie/Middleware/AddQueuedCookiesToResponse.php(36): Illuminate\\Pipeline\\Pipeline->Illuminate\\Pipeline\\{closure}()
#25 /home/sandeep/Documents/finpay/vendor/laravel/framework/src/Illuminate/Pipeline/Pipeline.php(219): Illuminate\\Cookie\\Middleware\\AddQueuedCookiesToResponse->handle()
#26 /home/sandeep/Documents/finpay/vendor/laravel/framework/src/Illuminate/Cookie/Middleware/EncryptCookies.php(74): Illuminate\\Pipeline\\Pipeline->Illuminate\\Pipeline\\{closure}()
#27 /home/sandeep/Documents/finpay/vendor/laravel/framework/src/Illuminate/Pipeline/Pipeline.php(219): Illuminate\\Cookie\\Middleware\\EncryptCookies->handle()
#28 /home/sandeep/Documents/finpay/vendor/laravel/framework/src/Illuminate/Pipeline/Pipeline.php(137): Illuminate\\Pipeline\\Pipeline->Illuminate\\Pipeline\\{closure}()
#29 /home/sandeep/Documents/finpay/vendor/laravel/framework/src/Illuminate/Routing/Router.php(821): Illuminate\\Pipeline\\Pipeline->then()
#30 /home/sandeep/Documents/finpay/vendor/laravel/framework/src/Illuminate/Routing/Router.php(800): Illuminate\\Routing\\Router->runRouteWithinStack()
#31 /home/sandeep/Documents/finpay/vendor/laravel/framework/src/Illuminate/Routing/Router.php(764): Illuminate\\Routing\\Router->runRoute()
#32 /home/sandeep/Documents/finpay/vendor/laravel/framework/src/Illuminate/Routing/Router.php(753): Illuminate\\Routing\\Router->dispatchToRoute()
#33 /home/sandeep/Documents/finpay/vendor/laravel/framework/src/Illuminate/Foundation/Http/Kernel.php(200): Illuminate\\Routing\\Router->dispatch()
#34 /home/sandeep/Documents/finpay/vendor/laravel/framework/src/Illuminate/Pipeline/Pipeline.php(180): Illuminate\\Foundation\\Http\\Kernel->Illuminate\\Foundation\\Http\\{closure}()
#35 /home/sandeep/Documents/finpay/vendor/livewire/livewire/src/Features/SupportDisablingBackButtonCache/DisableBackButtonCacheMiddleware.php(19): Illuminate\\Pipeline\\Pipeline->Illuminate\\Pipeline\\{closure}()
#36 /home/sandeep/Documents/finpay/vendor/laravel/framework/src/Illuminate/Pipeline/Pipeline.php(219): Livewire\\Features\\SupportDisablingBackButtonCache\\DisableBackButtonCacheMiddleware->handle()
#37 /home/sandeep/Documents/finpay/app/Http/Middleware/SecurityHeaders.php(13): Illuminate\\Pipeline\\Pipeline->Illuminate\\Pipeline\\{closure}()
#38 /home/sandeep/Documents/finpay/vendor/laravel/framework/src/Illuminate/Pipeline/Pipeline.php(219): App\\Http\\Middleware\\SecurityHeaders->handle()
#39 /home/sandeep/Documents/finpay/vendor/laravel/framework/src/Illuminate/Foundation/Http/Middleware/TransformsRequest.php(21): Illuminate\\Pipeline\\Pipeline->Illuminate\\Pipeline\\{closure}()
#40 /home/sandeep/Documents/finpay/vendor/laravel/framework/src/Illuminate/Foundation/Http/Middleware/ConvertEmptyStringsToNull.php(31): Illuminate\\Foundation\\Http\\Middleware\\TransformsRequest->handle()
#41 /home/sandeep/Documents/finpay/vendor/laravel/framework/src/Illuminate/Pipeline/Pipeline.php(219): Illuminate\\Foundation\\Http\\Middleware\\ConvertEmptyStringsToNull->handle()
#42 /home/sandeep/Documents/finpay/vendor/laravel/framework/src/Illuminate/Foundation/Http/Middleware/TransformsRequest.php(21): Illuminate\\Pipeline\\Pipeline->Illuminate\\Pipeline\\{closure}()
#43 /home/sandeep/Documents/finpay/vendor/laravel/framework/src/Illuminate/Foundation/Http/Middleware/TrimStrings.php(51): Illuminate\\Foundation\\Http\\Middleware\\TransformsRequest->handle()
#44 /home/sandeep/Documents/finpay/vendor/laravel/framework/src/Illuminate/Pipeline/Pipeline.php(219): Illuminate\\Foundation\\Http\\Middleware\\TrimStrings->handle()
#45 /home/sandeep/Documents/finpay/vendor/laravel/framework/src/Illuminate/Http/Middleware/ValidatePostSize.php(27): Illuminate\\Pipeline\\Pipeline->Illuminate\\Pipeline\\{closure}()
#46 /home/sandeep/Documents/finpay/vendor/laravel/framework/src/Illuminate/Pipeline/Pipeline.php(219): Illuminate\\Http\\Middleware\\ValidatePostSize->handle()
#47 /home/sandeep/Documents/finpay/vendor/laravel/framework/src/Illuminate/Foundation/Http/Middleware/PreventRequestsDuringMaintenance.php(109): Illuminate\\Pipeline\\Pipeline->Illuminate\\Pipeline\\{closure}()
#48 /home/sandeep/Documents/finpay/vendor/laravel/framework/src/Illuminate/Pipeline/Pipeline.php(219): Illuminate\\Foundation\\Http\\Middleware\\PreventRequestsDuringMaintenance->handle()
#49 /home/sandeep/Documents/finpay/vendor/laravel/framework/src/Illuminate/Http/Middleware/HandleCors.php(61): Illuminate\\Pipeline\\Pipeline->Illuminate\\Pipeline\\{closure}()
#50 /home/sandeep/Documents/finpay/vendor/laravel/framework/src/Illuminate/Pipeline/Pipeline.php(219): Illuminate\\Http\\Middleware\\HandleCors->handle()
#51 /home/sandeep/Documents/finpay/vendor/laravel/framework/src/Illuminate/Http/Middleware/TrustProxies.php(58): Illuminate\\Pipeline\\Pipeline->Illuminate\\Pipeline\\{closure}()
#52 /home/sandeep/Documents/finpay/vendor/laravel/framework/src/Illuminate/Pipeline/Pipeline.php(219): Illuminate\\Http\\Middleware\\TrustProxies->handle()
#53 /home/sandeep/Documents/finpay/vendor/laravel/framework/src/Illuminate/Http/Middleware/TrustHosts.php(78): Illuminate\\Pipeline\\Pipeline->Illuminate\\Pipeline\\{closure}()
#54 /home/sandeep/Documents/finpay/vendor/laravel/framework/src/Illuminate/Pipeline/Pipeline.php(219): Illuminate\\Http\\Middleware\\TrustHosts->handle()
#55 /home/sandeep/Documents/finpay/vendor/laravel/framework/src/Illuminate/Foundation/Http/Middleware/InvokeDeferredCallbacks.php(22): Illuminate\\Pipeline\\Pipeline->Illuminate\\Pipeline\\{closure}()
#56 /home/sandeep/Documents/finpay/vendor/laravel/framework/src/Illuminate/Pipeline/Pipeline.php(219): Illuminate\\Foundation\\Http\\Middleware\\InvokeDeferredCallbacks->handle()
#57 /home/sandeep/Documents/finpay/vendor/laravel/framework/src/Illuminate/Http/Middleware/ValidatePathEncoding.php(26): Illuminate\\Pipeline\\Pipeline->Illuminate\\Pipeline\\{closure}()
#58 /home/sandeep/Documents/finpay/vendor/laravel/framework/src/Illuminate/Pipeline/Pipeline.php(219): Illuminate\\Http\\Middleware\\ValidatePathEncoding->handle()
#59 /home/sandeep/Documents/finpay/vendor/laravel/framework/src/Illuminate/Pipeline/Pipeline.php(137): Illuminate\\Pipeline\\Pipeline->Illuminate\\Pipeline\\{closure}()
#60 /home/sandeep/Documents/finpay/vendor/laravel/framework/src/Illuminate/Foundation/Http/Kernel.php(175): Illuminate\\Pipeline\\Pipeline->then()
#61 /home/sandeep/Documents/finpay/vendor/laravel/framework/src/Illuminate/Foundation/Http/Kernel.php(144): Illuminate\\Foundation\\Http\\Kernel->sendRequestThroughRouter()
#62 /home/sandeep/Documents/finpay/vendor/laravel/framework/src/Illuminate/Foundation/Application.php(1220): Illuminate\\Foundation\\Http\\Kernel->handle()
#63 /home/sandeep/Documents/finpay/public/index.php(19): Illuminate\\Foundation\\Application->handleRequest()
#64 /home/sandeep/Documents/finpay/vendor/laravel/framework/src/Illuminate/Foundation/resources/server.php(23): require_once('...')
#65 {main}

[previous exception] [object] (PDOException(code: 42S22): SQLSTATE[42S22]: Column not found: 1054 Unknown column 'key' in 'where clause' at /home/sandeep/Documents/finpay/vendor/laravel/framework/src/Illuminate/Database/Connection.php:420)
[stacktrace]
#0 /home/sandeep/Documents/finpay/vendor/laravel/framework/src/Illuminate/Database/Connection.php(420): PDO->prepare()
#1 /home/sandeep/Documents/finpay/vendor/laravel/framework/src/Illuminate/Database/Connection.php(827): Illuminate\\Database\\Connection->Illuminate\\Database\\{closure}()
#2 /home/sandeep/Documents/finpay/vendor/laravel/framework/src/Illuminate/Database/Connection.php(794): Illuminate\\Database\\Connection->runQueryCallback()
#3 /home/sandeep/Documents/finpay/vendor/laravel/framework/src/Illuminate/Database/Connection.php(411): Illuminate\\Database\\Connection->run()
#4 /home/sandeep/Documents/finpay/vendor/laravel/framework/src/Illuminate/Database/Query/Builder.php(3505): Illuminate\\Database\\Connection->select()
#5 /home/sandeep/Documents/finpay/vendor/laravel/framework/src/Illuminate/Database/Query/Builder.php(3490): Illuminate\\Database\\Query\\Builder->runSelect()
#6 /home/sandeep/Documents/finpay/vendor/laravel/framework/src/Illuminate/Database/Query/Builder.php(4080): Illuminate\\Database\\Query\\Builder->Illuminate\\Database\\Query\\{closure}()
#7 /home/sandeep/Documents/finpay/vendor/laravel/framework/src/Illuminate/Database/Query/Builder.php(3489): Illuminate\\Database\\Query\\Builder->onceWithColumns()
#8 /home/sandeep/Documents/finpay/vendor/laravel/framework/src/Illuminate/Cache/DatabaseStore.php(140): Illuminate\\Database\\Query\\Builder->get()
#9 /home/sandeep/Documents/finpay/vendor/laravel/framework/src/Illuminate/Cache/DatabaseStore.php(115): Illuminate\\Cache\\DatabaseStore->many()
#10 /home/sandeep/Documents/finpay/vendor/laravel/framework/src/Illuminate/Cache/Repository.php(125): Illuminate\\Cache\\DatabaseStore->get()
#11 /home/sandeep/Documents/finpay/vendor/laravel/framework/src/Illuminate/Cache/RateLimiter.php(206): Illuminate\\Cache\\Repository->get()
#12 /home/sandeep/Documents/finpay/vendor/laravel/framework/src/Illuminate/Cache/RateLimiter.php(300): Illuminate\\Cache\\RateLimiter->Illuminate\\Cache\\{closure}()
#13 /home/sandeep/Documents/finpay/vendor/laravel/framework/src/Illuminate/Cache/RateLimiter.php(206): Illuminate\\Cache\\RateLimiter->withoutSerializationOrCompression()
#14 /home/sandeep/Documents/finpay/vendor/laravel/framework/src/Illuminate/Cache/RateLimiter.php(129): Illuminate\\Cache\\RateLimiter->attempts()
#15 /home/sandeep/Documents/finpay/vendor/laravel/framework/src/Illuminate/Routing/Middleware/ThrottleRequests.php(157): Illuminate\\Cache\\RateLimiter->tooManyAttempts()
#16 /home/sandeep/Documents/finpay/vendor/laravel/framework/src/Illuminate/Routing/Middleware/ThrottleRequests.php(129): Illuminate\\Routing\\Middleware\\ThrottleRequests->handleRequest()
#17 /home/sandeep/Documents/finpay/vendor/laravel/framework/src/Illuminate/Routing/Middleware/ThrottleRequests.php(90): Illuminate\\Routing\\Middleware\\ThrottleRequests->handleRequestUsingNamedLimiter()
#18 /home/sandeep/Documents/finpay/vendor/laravel/framework/src/Illuminate/Pipeline/Pipeline.php(219): Illuminate\\Routing\\Middleware\\ThrottleRequests->handle()
#19 /home/sandeep/Documents/finpay/vendor/laravel/framework/src/Illuminate/Foundation/Http/Middleware/VerifyCsrfToken.php(87): Illuminate\\Pipeline\\Pipeline->Illuminate\\Pipeline\\{closure}()
#20 /home/sandeep/Documents/finpay/vendor/laravel/framework/src/Illuminate/Pipeline/Pipeline.php(219): Illuminate\\Foundation\\Http\\Middleware\\VerifyCsrfToken->handle()
#21 /home/sandeep/Documents/finpay/vendor/laravel/framework/src/Illuminate/View/Middleware/ShareErrorsFromSession.php(48): Illuminate\\Pipeline\\Pipeline->Illuminate\\Pipeline\\{closure}()
#22 /home/sandeep/Documents/finpay/vendor/laravel/framework/src/Illuminate/Pipeline/Pipeline.php(219): Illuminate\\View\\Middleware\\ShareErrorsFromSession->handle()
#23 /home/sandeep/Documents/finpay/vendor/laravel/framework/src/Illuminate/Session/Middleware/StartSession.php(120): Illuminate\\Pipeline\\Pipeline->Illuminate\\Pipeline\\{closure}()
#24 /home/sandeep/Documents/finpay/vendor/laravel/framework/src/Illuminate/Session/Middleware/StartSession.php(63): Illuminate\\Session\\Middleware\\StartSession->handleStatefulRequest()
#25 /home/sandeep/Documents/finpay/vendor/laravel/framework/src/Illuminate/Pipeline/Pipeline.php(219): Illuminate\\Session\\Middleware\\StartSession->handle()
#26 /home/sandeep/Documents/finpay/vendor/laravel/framework/src/Illuminate/Cookie/Middleware/AddQueuedCookiesToResponse.php(36): Illuminate\\Pipeline\\Pipeline->Illuminate\\Pipeline\\{closure}()
#27 /home/sandeep/Documents/finpay/vendor/laravel/framework/src/Illuminate/Pipeline/Pipeline.php(219): Illuminate\\Cookie\\Middleware\\AddQueuedCookiesToResponse->handle()
#28 /home/sandeep/Documents/finpay/vendor/laravel/framework/src/Illuminate/Cookie/Middleware/EncryptCookies.php(74): Illuminate\\Pipeline\\Pipeline->Illuminate\\Pipeline\\{closure}()
#29 /home/sandeep/Documents/finpay/vendor/laravel/framework/src/Illuminate/Pipeline/Pipeline.php(219): Illuminate\\Cookie\\Middleware\\EncryptCookies->handle()
#30 /home/sandeep/Documents/finpay/vendor/laravel/framework/src/Illuminate/Pipeline/Pipeline.php(137): Illuminate\\Pipeline\\Pipeline->Illuminate\\Pipeline\\{closure}()
#31 /home/sandeep/Documents/finpay/vendor/laravel/framework/src/Illuminate/Routing/Router.php(821): Illuminate\\Pipeline\\Pipeline->then()
#32 /home/sandeep/Documents/finpay/vendor/laravel/framework/src/Illuminate/Routing/Router.php(800): Illuminate\\Routing\\Router->runRouteWithinStack()
#33 /home/sandeep/Documents/finpay/vendor/laravel/framework/src/Illuminate/Routing/Router.php(764): Illuminate\\Routing\\Router->runRoute()
#34 /home/sandeep/Documents/finpay/vendor/laravel/framework/src/Illuminate/Routing/Router.php(753): Illuminate\\Routing\\Router->dispatchToRoute()
#35 /home/sandeep/Documents/finpay/vendor/laravel/framework/src/Illuminate/Foundation/Http/Kernel.php(200): Illuminate\\Routing\\Router->dispatch()
#36 /home/sandeep/Documents/finpay/vendor/laravel/framework/src/Illuminate/Pipeline/Pipeline.php(180): Illuminate\\Foundation\\Http\\Kernel->Illuminate\\Foundation\\Http\\{closure}()
#37 /home/sandeep/Documents/finpay/vendor/livewire/livewire/src/Features/SupportDisablingBackButtonCache/DisableBackButtonCacheMiddleware.php(19): Illuminate\\Pipeline\\Pipeline->Illuminate\\Pipeline\\{closure}()
#38 /home/sandeep/Documents/finpay/vendor/laravel/framework/src/Illuminate/Pipeline/Pipeline.php(219): Livewire\\Features\\SupportDisablingBackButtonCache\\DisableBackButtonCacheMiddleware->handle()
#39 /home/sandeep/Documents/finpay/app/Http/Middleware/SecurityHeaders.php(13): Illuminate\\Pipeline\\Pipeline->Illuminate\\Pipeline\\{closure}()
#40 /home/sandeep/Documents/finpay/vendor/laravel/framework/src/Illuminate/Pipeline/Pipeline.php(219): App\\Http\\Middleware\\SecurityHeaders->handle()
#41 /home/sandeep/Documents/finpay/vendor/laravel/framework/src/Illuminate/Foundation/Http/Middleware/TransformsRequest.php(21): Illuminate\\Pipeline\\Pipeline->Illuminate\\Pipeline\\{closure}()
#42 /home/sandeep/Documents/finpay/vendor/laravel/framework/src/Illuminate/Foundation/Http/Middleware/ConvertEmptyStringsToNull.php(31): Illuminate\\Foundation\\Http\\Middleware\\TransformsRequest->handle()
#43 /home/sandeep/Documents/finpay/vendor/laravel/framework/src/Illuminate/Pipeline/Pipeline.php(219): Illuminate\\Foundation\\Http\\Middleware\\ConvertEmptyStringsToNull->handle()
#44 /home/sandeep/Documents/finpay/vendor/laravel/framework/src/Illuminate/Foundation/Http/Middleware/TransformsRequest.php(21): Illuminate\\Pipeline\\Pipeline->Illuminate\\Pipeline\\{closure}()
#45 /home/sandeep/Documents/finpay/vendor/laravel/framework/src/Illuminate/Foundation/Http/Middleware/TrimStrings.php(51): Illuminate\\Foundation\\Http\\Middleware\\TransformsRequest->handle()
#46 /home/sandeep/Documents/finpay/vendor/laravel/framework/src/Illuminate/Pipeline/Pipeline.php(219): Illuminate\\Foundation\\Http\\Middleware\\TrimStrings->handle()
#47 /home/sandeep/Documents/finpay/vendor/laravel/framework/src/Illuminate/Http/Middleware/ValidatePostSize.php(27): Illuminate\\Pipeline\\Pipeline->Illuminate\\Pipeline\\{closure}()
#48 /home/sandeep/Documents/finpay/vendor/laravel/framework/src/Illuminate/Pipeline/Pipeline.php(219): Illuminate\\Http\\Middleware\\ValidatePostSize->handle()
#49 /home/sandeep/Documents/finpay/vendor/laravel/framework/src/Illuminate/Foundation/Http/Middleware/PreventRequestsDuringMaintenance.php(109): Illuminate\\Pipeline\\Pipeline->Illuminate\\Pipeline\\{closure}()
#50 /home/sandeep/Documents/finpay/vendor/laravel/framework/src/Illuminate/Pipeline/Pipeline.php(219): Illuminate\\Foundation\\Http\\Middleware\\PreventRequestsDuringMaintenance->handle()
#51 /home/sandeep/Documents/finpay/vendor/laravel/framework/src/Illuminate/Http/Middleware/HandleCors.php(61): Illuminate\\Pipeline\\Pipeline->Illuminate\\Pipeline\\{closure}()
#52 /home/sandeep/Documents/finpay/vendor/laravel/framework/src/Illuminate/Pipeline/Pipeline.php(219): Illuminate\\Http\\Middleware\\HandleCors->handle()
#53 /home/sandeep/Documents/finpay/vendor/laravel/framework/src/Illuminate/Http/Middleware/TrustProxies.php(58): Illuminate\\Pipeline\\Pipeline->Illuminate\\Pipeline\\{closure}()
#54 /home/sandeep/Documents/finpay/vendor/laravel/framework/src/Illuminate/Pipeline/Pipeline.php(219): Illuminate\\Http\\Middleware\\TrustProxies->handle()
#55 /home/sandeep/Documents/finpay/vendor/laravel/framework/src/Illuminate/Http/Middleware/TrustHosts.php(78): Illuminate\\Pipeline\\Pipeline->Illuminate\\Pipeline\\{closure}()
#56 /home/sandeep/Documents/finpay/vendor/laravel/framework/src/Illuminate/Pipeline/Pipeline.php(219): Illuminate\\Http\\Middleware\\TrustHosts->handle()
#57 /home/sandeep/Documents/finpay/vendor/laravel/framework/src/Illuminate/Foundation/Http/Middleware/InvokeDeferredCallbacks.php(22): Illuminate\\Pipeline\\Pipeline->Illuminate\\Pipeline\\{closure}()
#58 /home/sandeep/Documents/finpay/vendor/laravel/framework/src/Illuminate/Pipeline/Pipeline.php(219): Illuminate\\Foundation\\Http\\Middleware\\InvokeDeferredCallbacks->handle()
#59 /home/sandeep/Documents/finpay/vendor/laravel/framework/src/Illuminate/Http/Middleware/ValidatePathEncoding.php(26): Illuminate\\Pipeline\\Pipeline->Illuminate\\Pipeline\\{closure}()
#60 /home/sandeep/Documents/finpay/vendor/laravel/framework/src/Illuminate/Pipeline/Pipeline.php(219): Illuminate\\Http\\Middleware\\ValidatePathEncoding->handle()
#61 /home/sandeep/Documents/finpay/vendor/laravel/framework/src/Illuminate/Pipeline/Pipeline.php(137): Illuminate\\Pipeline\\Pipeline->Illuminate\\Pipeline\\{closure}()
#62 /home/sandeep/Documents/finpay/vendor/laravel/framework/src/Illuminate/Foundation/Http/Kernel.php(175): Illuminate\\Pipeline\\Pipeline->then()
#63 /home/sandeep/Documents/finpay/vendor/laravel/framework/src/Illuminate/Foundation/Http/Kernel.php(144): Illuminate\\Foundation\\Http\\Kernel->sendRequestThroughRouter()
#64 /home/sandeep/Documents/finpay/vendor/laravel/framework/src/Illuminate/Foundation/Application.php(1220): Illuminate\\Foundation\\Http\\Kernel->handle()
#65 /home/sandeep/Documents/finpay/public/index.php(19): Illuminate\\Foundation\\Application->handleRequest()
#66 /home/sandeep/Documents/finpay/vendor/laravel/framework/src/Illuminate/Foundation/resources/server.php(23): require_once('...')
#67 {main}
"} 
[2026-08-21 20:26:23] local.ERROR: SQLSTATE[42S02]: Base table or view not found: 1146 Table 'finpay.cache' doesn't exist (Connection: mysql, Host: 127.0.0.1, Port: 3306, Database: finpay, SQL: select * from `cache` where `key` in (finpay-cache-94d92f976fd06fd3e8cf53ec4e03d646)) {"exception":"[object] (Illuminate\\Database\\QueryException(code: 42S02): SQLSTATE[42S02]: Base table or view not found: 1146 Table 'finpay.cache' doesn't exist (Connection: mysql, Host: 127.0.0.1, Port: 3306, Database: finpay, SQL: select * from `cache` where `key` in (finpay-cache-94d92f976fd06fd3e8cf53ec4e03d646)) at /home/sandeep/Documents/finpay/vendor/laravel/framework/src/Illuminate/Database/Connection.php:838)
[stacktrace]
#0 /home/sandeep/Documents/finpay/vendor/laravel/framework/src/Illuminate/Database/Connection.php(794): Illuminate\\Database\\Connection->runQueryCallback()
#1 /home/sandeep/Documents/finpay/vendor/laravel/framework/src/Illuminate/Database/Connection.php(411): Illuminate\\Database\\Connection->run()
#2 /home/sandeep/Documents/finpay/vendor/laravel/framework/src/Illuminate/Database/Query/Builder.php(3505): Illuminate\\Database\\Connection->select()
#3 /home/sandeep/Documents/finpay/vendor/laravel/framework/src/Illuminate/Database/Query/Builder.php(3490): Illuminate\\Database\\Query\\Builder->runSelect()
#4 /home/sandeep/Documents/finpay/vendor/laravel/framework/src/Illuminate/Database/Query/Builder.php(4080): Illuminate\\Database\\Query\\Builder->Illuminate\\Database\\Query\\{closure}()
#5 /home/sandeep/Documents/finpay/vendor/laravel/framework/src/Illuminate/Database/Query/Builder.php(3489): Illuminate\\Database\\Query\\Builder->onceWithColumns()
#6 /home/sandeep/Documents/finpay/vendor/laravel/framework/src/Illuminate/Cache/DatabaseStore.php(140): Illuminate\\Database\\Query\\Builder->get()
#7 /home/sandeep/Documents/finpay/vendor/laravel/framework/src/Illuminate/Cache/DatabaseStore.php(115): Illuminate\\Cache\\DatabaseStore->many()
#8 /home/sandeep/Documents/finpay/vendor/laravel/framework/src/Illuminate/Cache/Repository.php(125): Illuminate\\Cache\\DatabaseStore->get()
#9 /home/sandeep/Documents/finpay/vendor/laravel/framework/src/Illuminate/Cache/RateLimiter.php(206): Illuminate\\Cache\\Repository->get()
#10 /home/sandeep/Documents/finpay/vendor/laravel/framework/src/Illuminate/Cache/RateLimiter.php(300): Illuminate\\Cache\\RateLimiter->Illuminate\\Cache\\{closure}()
#11 /home/sandeep/Documents/finpay/vendor/laravel/framework/src/Illuminate/Cache/RateLimiter.php(206): Illuminate\\Cache\\RateLimiter->withoutSerializationOrCompression()
#12 /home/sandeep/Documents/finpay/vendor/laravel/framework/src/Illuminate/Cache/RateLimiter.php(129): Illuminate\\Cache\\RateLimiter->attempts()
#13 /home/sandeep/Documents/finpay/vendor/laravel/framework/src/Illuminate/Routing/Middleware/ThrottleRequests.php(157): Illuminate\\Cache\\RateLimiter->tooManyAttempts()
#14 /home/sandeep/Documents/finpay/vendor/laravel/framework/src/Illuminate/Routing/Middleware/ThrottleRequests.php(129): Illuminate\\Routing\\Middleware\\ThrottleRequests->handleRequest()
#15 /home/sandeep/Documents/finpay/vendor/laravel/framework/src/Illuminate/Routing/Middleware/ThrottleRequests.php(90): Illuminate\\Routing\\Middleware\\ThrottleRequests->handleRequestUsingNamedLimiter()
#16 /home/sandeep/Documents/finpay/vendor/laravel/framework/src/Illuminate/Pipeline/Pipeline.php(219): Illuminate\\Routing\\Middleware\\ThrottleRequests->handle()
#17 /home/sandeep/Documents/finpay/vendor/laravel/framework/src/Illuminate/Foundation/Http/Middleware/VerifyCsrfToken.php(87): Illuminate\\Pipeline\\Pipeline->Illuminate\\Pipeline\\{closure}()
#18 /home/sandeep/Documents/finpay/vendor/laravel/framework/src/Illuminate/Pipeline/Pipeline.php(219): Illuminate\\Foundation\\Http\\Middleware\\VerifyCsrfToken->handle()
#19 /home/sandeep/Documents/finpay/vendor/laravel/framework/src/Illuminate/View/Middleware/ShareErrorsFromSession.php(48): Illuminate\\Pipeline\\Pipeline->Illuminate\\Pipeline\\{closure}()
#20 /home/sandeep/Documents/finpay/vendor/laravel/framework/src/Illuminate/Pipeline/Pipeline.php(219): Illuminate\\View\\Middleware\\ShareErrorsFromSession->handle()
#21 /home/sandeep/Documents/finpay/vendor/laravel/framework/src/Illuminate/Session/Middleware/StartSession.php(120): Illuminate\\Pipeline\\Pipeline->Illuminate\\Pipeline\\{closure}()
#22 /home/sandeep/Documents/finpay/vendor/laravel/framework/src/Illuminate/Session/Middleware/StartSession.php(63): Illuminate\\Session\\Middleware\\StartSession->handleStatefulRequest()
#23 /home/sandeep/Documents/finpay/vendor/laravel/framework/src/Illuminate/Pipeline/Pipeline.php(219): Illuminate\\Session\\Middleware\\StartSession->handle()
#24 /home/sandeep/Documents/finpay/vendor/laravel/framework/src/Illuminate/Cookie/Middleware/AddQueuedCookiesToResponse.php(36): Illuminate\\Pipeline\\Pipeline->Illuminate\\Pipeline\\{closure}()
#25 /home/sandeep/Documents/finpay/vendor/laravel/framework/src/Illuminate/Pipeline/Pipeline.php(219): Illuminate\\Cookie\\Middleware\\AddQueuedCookiesToResponse->handle()
#26 /home/sandeep/Documents/finpay/vendor/laravel/framework/src/Illuminate/Cookie/Middleware/EncryptCookies.php(74): Illuminate\\Pipeline\\Pipeline->Illuminate\\Pipeline\\{closure}()
#27 /home/sandeep/Documents/finpay/vendor/laravel/framework/src/Illuminate/Pipeline/Pipeline.php(219): Illuminate\\Cookie\\Middleware\\EncryptCookies->handle()
#28 /home/sandeep/Documents/finpay/vendor/laravel/framework/src/Illuminate/Pipeline/Pipeline.php(137): Illuminate\\Pipeline\\Pipeline->Illuminate\\Pipeline\\{closure}()
#29 /home/sandeep/Documents/finpay/vendor/laravel/framework/src/Illuminate/Routing/Router.php(821): Illuminate\\Pipeline\\Pipeline->then()
#30 /home/sandeep/Documents/finpay/vendor/laravel/framework/src/Illuminate/Routing/Router.php(800): Illuminate\\Routing\\Router->runRouteWithinStack()
#31 /home/sandeep/Documents/finpay/vendor/laravel/framework/src/Illuminate/Routing/Router.php(764): Illuminate\\Routing\\Router->runRoute()
#32 /home/sandeep/Documents/finpay/vendor/laravel/framework/src/Illuminate/Routing/Router.php(753): Illuminate\\Routing\\Router->dispatchToRoute()
#33 /home/sandeep/Documents/finpay/vendor/laravel/framework/src/Illuminate/Foundation/Http/Kernel.php(200): Illuminate\\Routing\\Router->dispatch()
#34 /home/sandeep/Documents/finpay/vendor/laravel/framework/src/Illuminate/Pipeline/Pipeline.php(180): Illuminate\\Foundation\\Http\\Kernel->Illuminate\\Foundation\\Http\\{closure}()
#35 /home/sandeep/Documents/finpay/vendor/livewire/livewire/src/Features/SupportDisablingBackButtonCache/DisableBackButtonCacheMiddleware.php(19): Illuminate\\Pipeline\\Pipeline->Illuminate\\Pipeline\\{closure}()
#36 /home/sandeep/Documents/finpay/vendor/laravel/framework/src/Illuminate/Pipeline/Pipeline.php(219): Livewire\\Features\\SupportDisablingBackButtonCache\\DisableBackButtonCacheMiddleware->handle()
#37 /home/sandeep/Documents/finpay/app/Http/Middleware/SecurityHeaders.php(13): Illuminate\\Pipeline\\Pipeline->Illuminate\\Pipeline\\{closure}()
#38 /home/sandeep/Documents/finpay/vendor/laravel/framework/src/Illuminate/Pipeline/Pipeline.php(219): App\\Http\\Middleware\\SecurityHeaders->handle()
#39 /home/sandeep/Documents/finpay/vendor/laravel/framework/src/Illuminate/Foundation/Http/Middleware/TransformsRequest.php(21): Illuminate\\Pipeline\\Pipeline->Illuminate\\Pipeline\\{closure}()
#40 /home/sandeep/Documents/finpay/vendor/laravel/framework/src/Illuminate/Foundation/Http/Middleware/ConvertEmptyStringsToNull.php(31): Illuminate\\Foundation\\Http\\Middleware\\TransformsRequest->handle()
#41 /home/sandeep/Documents/finpay/vendor/laravel/framework/src/Illuminate/Pipeline/Pipeline.php(219): Illuminate\\Foundation\\Http\\Middleware\\ConvertEmptyStringsToNull->handle()
#42 /home/sandeep/Documents/finpay/vendor/laravel/framework/src/Illuminate/Foundation/Http/Middleware/TransformsRequest.php(21): Illuminate\\Pipeline\\Pipeline->Illuminate\\Pipeline\\{closure}()
#43 /home/sandeep/Documents/finpay/vendor/laravel/framework/src/Illuminate/Foundation/Http/Middleware/TrimStrings.php(51): Illuminate\\Foundation\\Http\\Middleware\\TransformsRequest->handle()
#44 /home/sandeep/Documents/finpay/vendor/laravel/framework/src/Illuminate/Pipeline/Pipeline.php(219): Illuminate\\Foundation\\Http\\Middleware\\TrimStrings->handle()
#45 /home/sandeep/Documents/finpay/vendor/laravel/framework/src/Illuminate/Http/Middleware/ValidatePostSize.php(27): Illuminate\\Pipeline\\Pipeline->Illuminate\\Pipeline\\{closure}()
#46 /home/sandeep/Documents/finpay/vendor/laravel/framework/src/Illuminate/Pipeline/Pipeline.php(219): Illuminate\\Http\\Middleware\\ValidatePostSize->handle()
#47 /home/sandeep/Documents/finpay/vendor/laravel/framework/src/Illuminate/Foundation/Http/Middleware/PreventRequestsDuringMaintenance.php(109): Illuminate\\Pipeline\\Pipeline->Illuminate\\Pipeline\\{closure}()
#48 /home/sandeep/Documents/finpay/vendor/laravel/framework/src/Illuminate/Pipeline/Pipeline.php(219): Illuminate\\Foundation\\Http\\Middleware\\PreventRequestsDuringMaintenance->handle()
#49 /home/sandeep/Documents/finpay/vendor/laravel/framework/src/Illuminate/Http/Middleware/HandleCors.php(61): Illuminate\\Pipeline\\Pipeline->Illuminate\\Pipeline\\{closure}()
#50 /home/sandeep/Documents/finpay/vendor/laravel/framework/src/Illuminate/Pipeline/Pipeline.php(219): Illuminate\\Http\\Middleware\\HandleCors->handle()
#51 /home/sandeep/Documents/finpay/vendor/laravel/framework/src/Illuminate/Http/Middleware/TrustProxies.php(58): Illuminate\\Pipeline\\Pipeline->Illuminate\\Pipeline\\{closure}()
#52 /home/sandeep/Documents/finpay/vendor/laravel/framework/src/Illuminate/Pipeline/Pipeline.php(219): Illuminate\\Http\\Middleware\\TrustProxies->handle()
#53 /home/sandeep/Documents/finpay/vendor/laravel/framework/src/Illuminate/Http/Middleware/TrustHosts.php(78): Illuminate\\Pipeline\\Pipeline->Illuminate\\Pipeline\\{closure}()
#54 /home/sandeep/Documents/finpay/vendor/laravel/framework/src/Illuminate/Pipeline/Pipeline.php(219): Illuminate\\Http\\Middleware\\TrustHosts->handle()
#55 /home/sandeep/Documents/finpay/vendor/laravel/framework/src/Illuminate/Foundation/Http/Middleware/InvokeDeferredCallbacks.php(22): Illuminate\\Pipeline\\Pipeline->Illuminate\\Pipeline\\{closure}()
#56 /home/sandeep/Documents/finpay/vendor/laravel/framework/src/Illuminate/Pipeline/Pipeline.php(219): Illuminate\\Foundation\\Http\\Middleware\\InvokeDeferredCallbacks->handle()
#57 /home/sandeep/Documents/finpay/vendor/laravel/framework/src/Illuminate/Http/Middleware/ValidatePathEncoding.php(26): Illuminate\\Pipeline\\Pipeline->Illuminate\\Pipeline\\{closure}()
#58 /home/sandeep/Documents/finpay/vendor/laravel/framework/src/Illuminate/Pipeline/Pipeline.php(219): Illuminate\\Http\\Middleware\\ValidatePathEncoding->handle()
#59 /home/sandeep/Documents/finpay/vendor/laravel/framework/src/Illuminate/Pipeline/Pipeline.php(137): Illuminate\\Pipeline\\Pipeline->Illuminate\\Pipeline\\{closure}()
#60 /home/sandeep/Documents/finpay/vendor/laravel/framework/src/Illuminate/Foundation/Http/Kernel.php(175): Illuminate\\Pipeline\\Pipeline->then()
#61 /home/sandeep/Documents/finpay/vendor/laravel/framework/src/Illuminate/Foundation/Http/Kernel.php(144): Illuminate\\Foundation\\Http\\Kernel->sendRequestThroughRouter()
#62 /home/sandeep/Documents/finpay/vendor/laravel/framework/src/Illuminate/Foundation/Application.php(1220): Illuminate\\Foundation\\Http\\Kernel->handle()
#63 /home/sandeep/Documents/finpay/public/index.php(19): Illuminate\\Foundation\\Application->handleRequest()
#64 /home/sandeep/Documents/finpay/vendor/laravel/framework/src/Illuminate/Foundation/resources/server.php(23): require_once('...')
#65 {main}

[previous exception] [object] (PDOException(code: 42S02): SQLSTATE[42S02]: Base table or view not found: 1146 Table 'finpay.cache' doesn't exist at /home/sandeep/Documents/finpay/vendor/laravel/framework/src/Illuminate/Database/Connection.php:420)
[stacktrace]
#0 /home/sandeep/Documents/finpay/vendor/laravel/framework/src/Illuminate/Database/Connection.php(420): PDO->prepare()
#1 /home/sandeep/Documents/finpay/vendor/laravel/framework/src/Illuminate/Database/Connection.php(827): Illuminate\\Database\\Connection->Illuminate\\Database\\{closure}()
#2 /home/sandeep/Documents/finpay/vendor/laravel/framework/src/Illuminate/Database/Connection.php(794): Illuminate\\Database\\Connection->runQueryCallback()
#3 /home/sandeep/Documents/finpay/vendor/laravel/framework/src/Illuminate/Database/Connection.php(411): Illuminate\\Database\\Connection->run()
#4 /home/sandeep/Documents/finpay/vendor/laravel/framework/src/Illuminate/Database/Query/Builder.php(3505): Illuminate\\Database\\Connection->select()
#5 /home/sandeep/Documents/finpay/vendor/laravel/framework/src/Illuminate/Database/Query/Builder.php(3490): Illuminate\\Database\\Query\\Builder->runSelect()
#6 /home/sandeep/Documents/finpay/vendor/laravel/framework/src/Illuminate/Database/Query/Builder.php(4080): Illuminate\\Database\\Query\\Builder->Illuminate\\Database\\Query\\{closure}()
#7 /home/sandeep/Documents/finpay/vendor/laravel/framework/src/Illuminate/Database/Query/Builder.php(3489): Illuminate\\Database\\Query\\Builder->onceWithColumns()
#8 /home/sandeep/Documents/finpay/vendor/laravel/framework/src/Illuminate/Cache/DatabaseStore.php(140): Illuminate\\Database\\Query\\Builder->get()
#9 /home/sandeep/Documents/finpay/vendor/laravel/framework/src/Illuminate/Cache/DatabaseStore.php(115): Illuminate\\Cache\\DatabaseStore->many()
#10 /home/sandeep/Documents/finpay/vendor/laravel/framework/src/Illuminate/Cache/Repository.php(125): Illuminate\\Cache\\DatabaseStore->get()
#11 /home/sandeep/Documents/finpay/vendor/laravel/framework/src/Illuminate/Cache/RateLimiter.php(206): Illuminate\\Cache\\Repository->get()
#12 /home/sandeep/Documents/finpay/vendor/laravel/framework/src/Illuminate/Cache/RateLimiter.php(300): Illuminate\\Cache\\RateLimiter->Illuminate\\Cache\\{closure}()
#13 /home/sandeep/Documents/finpay/vendor/laravel/framework/src/Illuminate/Cache/RateLimiter.php(206): Illuminate\\Cache\\RateLimiter->withoutSerializationOrCompression()
#14 /home/sandeep/Documents/finpay/vendor/laravel/framework/src/Illuminate/Cache/RateLimiter.php(129): Illuminate\\Cache\\RateLimiter->attempts()
#15 /home/sandeep/Documents/finpay/vendor/laravel/framework/src/Illuminate/Routing/Middleware/ThrottleRequests.php(157): Illuminate\\Cache\\RateLimiter->tooManyAttempts()
#16 /home/sandeep/Documents/finpay/vendor/laravel/framework/src/Illuminate/Routing/Middleware/ThrottleRequests.php(129): Illuminate\\Routing\\Middleware\\ThrottleRequests->handleRequest()
#17 /home/sandeep/Documents/finpay/vendor/laravel/framework/src/Illuminate/Routing/Middleware/ThrottleRequests.php(90): Illuminate\\Routing\\Middleware\\ThrottleRequests->handleRequestUsingNamedLimiter()
#18 /home/sandeep/Documents/finpay/vendor/laravel/framework/src/Illuminate/Pipeline/Pipeline.php(219): Illuminate\\Routing\\Middleware\\ThrottleRequests->handle()
#19 /home/sandeep/Documents/finpay/vendor/laravel/framework/src/Illuminate/Foundation/Http/Middleware/VerifyCsrfToken.php(87): Illuminate\\Pipeline\\Pipeline->Illuminate\\Pipeline\\{closure}()
#20 /home/sandeep/Documents/finpay/vendor/laravel/framework/src/Illuminate/Pipeline/Pipeline.php(219): Illuminate\\Foundation\\Http\\Middleware\\VerifyCsrfToken->handle()
#21 /home/sandeep/Documents/finpay/vendor/laravel/framework/src/Illuminate/View/Middleware/ShareErrorsFromSession.php(48): Illuminate\\Pipeline\\Pipeline->Illuminate\\Pipeline\\{closure}()
#22 /home/sandeep/Documents/finpay/vendor/laravel/framework/src/Illuminate/Pipeline/Pipeline.php(219): Illuminate\\View\\Middleware\\ShareErrorsFromSession->handle()
#23 /home/sandeep/Documents/finpay/vendor/laravel/framework/src/Illuminate/Session/Middleware/StartSession.php(120): Illuminate\\Pipeline\\Pipeline->Illuminate\\Pipeline\\{closure}()
#24 /home/sandeep/Documents/finpay/vendor/laravel/framework/src/Illuminate/Session/Middleware/StartSession.php(63): Illuminate\\Session\\Middleware\\StartSession->handleStatefulRequest()
#25 /home/sandeep/Documents/finpay/vendor/laravel/framework/src/Illuminate/Pipeline/Pipeline.php(219): Illuminate\\Session\\Middleware\\StartSession->handle()
#26 /home/sandeep/Documents/finpay/vendor/laravel/framework/src/Illuminate/Cookie/Middleware/AddQueuedCookiesToResponse.php(36): Illuminate\\Pipeline\\Pipeline->Illuminate\\Pipeline\\{closure}()
#27 /home/sandeep/Documents/finpay/vendor/laravel/framework/src/Illuminate/Pipeline/Pipeline.php(219): Illuminate\\Cookie\\Middleware\\AddQueuedCookiesToResponse->handle()
#28 /home/sandeep/Documents/finpay/vendor/laravel/framework/src/Illuminate/Cookie/Middleware/EncryptCookies.php(74): Illuminate\\Pipeline\\Pipeline->Illuminate\\Pipeline\\{closure}()
#29 /home/sandeep/Documents/finpay/vendor/laravel/framework/src/Illuminate/Pipeline/Pipeline.php(219): Illuminate\\Cookie\\Middleware\\EncryptCookies->handle()
#30 /home/sandeep/Documents/finpay/vendor/laravel/framework/src/Illuminate/Pipeline/Pipeline.php(137): Illuminate\\Pipeline\\Pipeline->Illuminate\\Pipeline\\{closure}()
#31 /home/sandeep/Documents/finpay/vendor/laravel/framework/src/Illuminate/Routing/Router.php(821): Illuminate\\Pipeline\\Pipeline->then()
#32 /home/sandeep/Documents/finpay/vendor/laravel/framework/src/Illuminate/Routing/Router.php(800): Illuminate\\Routing\\Router->runRouteWithinStack()
#33 /home/sandeep/Documents/finpay/vendor/laravel/framework/src/Illuminate/Routing/Router.php(764): Illuminate\\Routing\\Router->runRoute()
#34 /home/sandeep/Documents/finpay/vendor/laravel/framework/src/Illuminate/Routing/Router.php(753): Illuminate\\Routing\\Router->dispatchToRoute()
#35 /home/sandeep/Documents/finpay/vendor/laravel/framework/src/Illuminate/Foundation/Http/Kernel.php(200): Illuminate\\Routing\\Router->dispatch()
#36 /home/sandeep/Documents/finpay/vendor/laravel/framework/src/Illuminate/Pipeline/Pipeline.php(180): Illuminate\\Foundation\\Http\\Kernel->Illuminate\\Foundation\\Http\\{closure}()
#37 /home/sandeep/Documents/finpay/vendor/livewire/livewire/src/Features/SupportDisablingBackButtonCache/DisableBackButtonCacheMiddleware.php(19): Illuminate\\Pipeline\\Pipeline->Illuminate\\Pipeline\\{closure}()
#38 /home/sandeep/Documents/finpay/vendor/laravel/framework/src/Illuminate/Pipeline/Pipeline.php(219): Livewire\\Features\\SupportDisablingBackButtonCache\\DisableBackButtonCacheMiddleware->handle()
#39 /home/sandeep/Documents/finpay/app/Http/Middleware/SecurityHeaders.php(13): Illuminate\\Pipeline\\Pipeline->Illuminate\\Pipeline\\{closure}()
#40 /home/sandeep/Documents/finpay/vendor/laravel/framework/src/Illuminate/Pipeline/Pipeline.php(219): App\\Http\\Middleware\\SecurityHeaders->handle()
#41 /home/sandeep/Documents/finpay/vendor/laravel/framework/src/Illuminate/Foundation/Http/Middleware/TransformsRequest.php(21): Illuminate\\Pipeline\\Pipeline->Illuminate\\Pipeline\\{closure}()
#42 /home/sandeep/Documents/finpay/vendor/laravel/framework/src/Illuminate/Foundation/Http/Middleware/ConvertEmptyStringsToNull.php(31): Illuminate\\Foundation\\Http\\Middleware\\TransformsRequest->handle()
#43 /home/sandeep/Documents/finpay/vendor/laravel/framework/src/Illuminate/Pipeline/Pipeline.php(219): Illuminate\\Foundation\\Http\\Middleware\\ConvertEmptyStringsToNull->handle()
#44 /home/sandeep/Documents/finpay/vendor/laravel/framework/src/Illuminate/Foundation/Http/Middleware/TransformsRequest.php(21): Illuminate\\Pipeline\\Pipeline->Illuminate\\Pipeline\\{closure}()
#45 /home/sandeep/Documents/finpay/vendor/laravel/framework/src/Illuminate/Foundation/Http/Middleware/TrimStrings.php(51): Illuminate\\Foundation\\Http\\Middleware\\TransformsRequest->handle()
#46 /home/sandeep/Documents/finpay/vendor/laravel/framework/src/Illuminate/Pipeline/Pipeline.php(219): Illuminate\\Foundation\\Http\\Middleware\\TrimStrings->handle()
#47 /home/sandeep/Documents/finpay/vendor/laravel/framework/src/Illuminate/Http/Middleware/ValidatePostSize.php(27): Illuminate\\Pipeline\\Pipeline->Illuminate\\Pipeline\\{closure}()
#48 /home/sandeep/Documents/finpay/vendor/laravel/framework/src/Illuminate/Pipeline/Pipeline.php(219): Illuminate\\Http\\Middleware\\ValidatePostSize->handle()
#49 /home/sandeep/Documents/finpay/vendor/laravel/framework/src/Illuminate/Foundation/Http/Middleware/PreventRequestsDuringMaintenance.php(109): Illuminate\\Pipeline\\Pipeline->Illuminate\\Pipeline\\{closure}()
#50 /home/sandeep/Documents/finpay/vendor/laravel/framework/src/Illuminate/Pipeline/Pipeline.php(219): Illuminate\\Foundation\\Http\\Middleware\\PreventRequestsDuringMaintenance->handle()
#51 /home/sandeep/Documents/finpay/vendor/laravel/framework/src/Illuminate/Http/Middleware/HandleCors.php(61): Illuminate\\Pipeline\\Pipeline->Illuminate\\Pipeline\\{closure}()
#52 /home/sandeep/Documents/finpay/vendor/laravel/framework/src/Illuminate/Pipeline/Pipeline.php(219): Illuminate\\Http\\Middleware\\HandleCors->handle()
#53 /home/sandeep/Documents/finpay/vendor/laravel/framework/src/Illuminate/Http/Middleware/TrustProxies.php(58): Illuminate\\Pipeline\\Pipeline->Illuminate\\Pipeline\\{closure}()
#54 /home/sandeep/Documents/finpay/vendor/laravel/framework/src/Illuminate/Pipeline/Pipeline.php(219): Illuminate\\Http\\Middleware\\TrustProxies->handle()
#55 /home/sandeep/Documents/finpay/vendor/laravel/framework/src/Illuminate/Http/Middleware/TrustHosts.php(78): Illuminate\\Pipeline\\Pipeline->Illuminate\\Pipeline\\{closure}()
#56 /home/sandeep/Documents/finpay/vendor/laravel/framework/src/Illuminate/Pipeline/Pipeline.php(219): Illuminate\\Http\\Middleware\\TrustHosts->handle()
#57 /home/sandeep/Documents/finpay/vendor/laravel/framework/src/Illuminate/Foundation/Http/Middleware/InvokeDeferredCallbacks.php(22): Illuminate\\Pipeline\\Pipeline->Illuminate\\Pipeline\\{closure}()
#58 /home/sandeep/Documents/finpay/vendor/laravel/framework/src/Illuminate/Pipeline/Pipeline.php(219): Illuminate\\Foundation\\Http\\Middleware\\InvokeDeferredCallbacks->handle()
#59 /home/sandeep/Documents/finpay/vendor/laravel/framework/src/Illuminate/Http/Middleware/ValidatePathEncoding.php(26): Illuminate\\Pipeline\\Pipeline->Illuminate\\Pipeline\\{closure}()
#60 /home/sandeep/Documents/finpay/vendor/laravel/framework/src/Illuminate/Pipeline/Pipeline.php(219): Illuminate\\Http\\Middleware\\ValidatePathEncoding->handle()
#61 /home/sandeep/Documents/finpay/vendor/laravel/framework/src/Illuminate/Pipeline/Pipeline.php(137): Illuminate\\Pipeline\\Pipeline->Illuminate\\Pipeline\\{closure}()
#62 /home/sandeep/Documents/finpay/vendor/laravel/framework/src/Illuminate/Foundation/Http/Kernel.php(175): Illuminate\\Pipeline\\Pipeline->then()
#63 /home/sandeep/Documents/finpay/vendor/laravel/framework/src/Illuminate/Foundation/Http/Kernel.php(144): Illuminate\\Foundation\\Http\\Kernel->sendRequestThroughRouter()
#64 /home/sandeep/Documents/finpay/vendor/laravel/framework/src/Illuminate/Foundation/Application.php(1220): Illuminate\\Foundation\\Http\\Kernel->handle()
#65 /home/sandeep/Documents/finpay/public/index.php(19): Illuminate\\Foundation\\Application->handleRequest()
#66 /home/sandeep/Documents/finpay/vendor/laravel/framework/src/Illuminate/Foundation/resources/server.php(23): require_once('...')
#67 {main}
"} 
[2026-08-21 20:26:57] local.ERROR: SQLSTATE[42S02]: Base table or view not found: 1146 Table 'finpay.cache' doesn't exist (Connection: mysql, Host: 127.0.0.1, Port: 3306, Database: finpay, SQL: select * from `cache` where `key` in (finpay-cache-94d92f976fd06fd3e8cf53ec4e03d646)) {"exception":"[object] (Illuminate\\Database\\QueryException(code: 42S02): SQLSTATE[42S02]: Base table or view not found: 1146 Table 'finpay.cache' doesn't exist (Connection: mysql, Host: 127.0.0.1, Port: 3306, Database: finpay, SQL: select * from `cache` where `key` in (finpay-cache-94d92f976fd06fd3e8cf53ec4e03d646)) at /home/sandeep/Documents/finpay/vendor/laravel/framework/src/Illuminate/Database/Connection.php:838)
[stacktrace]
#0 /home/sandeep/Documents/finpay/vendor/laravel/framework/src/Illuminate/Database/Connection.php(794): Illuminate\\Database\\Connection->runQueryCallback()
#1 /home/sandeep/Documents/finpay/vendor/laravel/framework/src/Illuminate/Database/Connection.php(411): Illuminate\\Database\\Connection->run()
#2 /home/sandeep/Documents/finpay/vendor/laravel/framework/src/Illuminate/Database/Query/Builder.php(3505): Illuminate\\Database\\Connection->select()
#3 /home/sandeep/Documents/finpay/vendor/laravel/framework/src/Illuminate/Database/Query/Builder.php(3490): Illuminate\\Database\\Query\\Builder->runSelect()
#4 /home/sandeep/Documents/finpay/vendor/laravel/framework/src/Illuminate/Database/Query/Builder.php(4080): Illuminate\\Database\\Query\\Builder->Illuminate\\Database\\Query\\{closure}()
#5 /home/sandeep/Documents/finpay/vendor/laravel/framework/src/Illuminate/Database/Query/Builder.php(3489): Illuminate\\Database\\Query\\Builder->onceWithColumns()
#6 /home/sandeep/Documents/finpay/vendor/laravel/framework/src/Illuminate/Cache/DatabaseStore.php(140): Illuminate\\Database\\Query\\Builder->get()
#7 /home/sandeep/Documents/finpay/vendor/laravel/framework/src/Illuminate/Cache/DatabaseStore.php(115): Illuminate\\Cache\\DatabaseStore->many()
#8 /home/sandeep/Documents/finpay/vendor/laravel/framework/src/Illuminate/Cache/Repository.php(125): Illuminate\\Cache\\DatabaseStore->get()
#9 /home/sandeep/Documents/finpay/vendor/laravel/framework/src/Illuminate/Cache/RateLimiter.php(206): Illuminate\\Cache\\Repository->get()
#10 /home/sandeep/Documents/finpay/vendor/laravel/framework/src/Illuminate/Cache/RateLimiter.php(300): Illuminate\\Cache\\RateLimiter->Illuminate\\Cache\\{closure}()
#11 /home/sandeep/Documents/finpay/vendor/laravel/framework/src/Illuminate/Cache/RateLimiter.php(206): Illuminate\\Cache\\RateLimiter->withoutSerializationOrCompression()
#12 /home/sandeep/Documents/finpay/vendor/laravel/framework/src/Illuminate/Cache/RateLimiter.php(129): Illuminate\\Cache\\RateLimiter->attempts()
#13 /home/sandeep/Documents/finpay/vendor/laravel/framework/src/Illuminate/Routing/Middleware/ThrottleRequests.php(157): Illuminate\\Cache\\RateLimiter->tooManyAttempts()
#14 /home/sandeep/Documents/finpay/vendor/laravel/framework/src/Illuminate/Routing/Middleware/ThrottleRequests.php(129): Illuminate\\Routing\\Middleware\\ThrottleRequests->handleRequest()
#15 /home/sandeep/Documents/finpay/vendor/laravel/framework/src/Illuminate/Routing/Middleware/ThrottleRequests.php(90): Illuminate\\Routing\\Middleware\\ThrottleRequests->handleRequestUsingNamedLimiter()
#16 /home/sandeep/Documents/finpay/vendor/laravel/framework/src/Illuminate/Pipeline/Pipeline.php(219): Illuminate\\Routing\\Middleware\\ThrottleRequests->handle()
#17 /home/sandeep/Documents/finpay/vendor/laravel/framework/src/Illuminate/Foundation/Http/Middleware/VerifyCsrfToken.php(87): Illuminate\\Pipeline\\Pipeline->Illuminate\\Pipeline\\{closure}()
#18 /home/sandeep/Documents/finpay/vendor/laravel/framework/src/Illuminate/Pipeline/Pipeline.php(219): Illuminate\\Foundation\\Http\\Middleware\\VerifyCsrfToken->handle()
#19 /home/sandeep/Documents/finpay/vendor/laravel/framework/src/Illuminate/View/Middleware/ShareErrorsFromSession.php(48): Illuminate\\Pipeline\\Pipeline->Illuminate\\Pipeline\\{closure}()
#20 /home/sandeep/Documents/finpay/vendor/laravel/framework/src/Illuminate/Pipeline/Pipeline.php(219): Illuminate\\View\\Middleware\\ShareErrorsFromSession->handle()
#21 /home/sandeep/Documents/finpay/vendor/laravel/framework/src/Illuminate/Session/Middleware/StartSession.php(120): Illuminate\\Pipeline\\Pipeline->Illuminate\\Pipeline\\{closure}()
#22 /home/sandeep/Documents/finpay/vendor/laravel/framework/src/Illuminate/Session/Middleware/StartSession.php(63): Illuminate\\Session\\Middleware\\StartSession->handleStatefulRequest()
#23 /home/sandeep/Documents/finpay/vendor/laravel/framework/src/Illuminate/Pipeline/Pipeline.php(219): Illuminate\\Session\\Middleware\\StartSession->handle()
#24 /home/sandeep/Documents/finpay/vendor/laravel/framework/src/Illuminate/Cookie/Middleware/AddQueuedCookiesToResponse.php(36): Illuminate\\Pipeline\\Pipeline->Illuminate\\Pipeline\\{closure}()
#25 /home/sandeep/Documents/finpay/vendor/laravel/framework/src/Illuminate/Pipeline/Pipeline.php(219): Illuminate\\Cookie\\Middleware\\AddQueuedCookiesToResponse->handle()
#26 /home/sandeep/Documents/finpay/vendor/laravel/framework/src/Illuminate/Cookie/Middleware/EncryptCookies.php(74): Illuminate\\Pipeline\\Pipeline->Illuminate\\Pipeline\\{closure}()
#27 /home/sandeep/Documents/finpay/vendor/laravel/framework/src/Illuminate/Pipeline/Pipeline.php(219): Illuminate\\Cookie\\Middleware\\EncryptCookies->handle()
#28 /home/sandeep/Documents/finpay/vendor/laravel/framework/src/Illuminate/Pipeline/Pipeline.php(137): Illuminate\\Pipeline\\Pipeline->Illuminate\\Pipeline\\{closure}()
#29 /home/sandeep/Documents/finpay/vendor/laravel/framework/src/Illuminate/Routing/Router.php(821): Illuminate\\Pipeline\\Pipeline->then()
#30 /home/sandeep/Documents/finpay/vendor/laravel/framework/src/Illuminate/Routing/Router.php(800): Illuminate\\Routing\\Router->runRouteWithinStack()
#31 /home/sandeep/Documents/finpay/vendor/laravel/framework/src/Illuminate/Routing/Router.php(764): Illuminate\\Routing\\Router->runRoute()
#32 /home/sandeep/Documents/finpay/vendor/laravel/framework/src/Illuminate/Routing/Router.php(753): Illuminate\\Routing\\Router->dispatchToRoute()
#33 /home/sandeep/Documents/finpay/vendor/laravel/framework/src/Illuminate/Foundation/Http/Kernel.php(200): Illuminate\\Routing\\Router->dispatch()
#34 /home/sandeep/Documents/finpay/vendor/laravel/framework/src/Illuminate/Pipeline/Pipeline.php(180): Illuminate\\Foundation\\Http\\Kernel->Illuminate\\Foundation\\Http\\{closure}()
#35 /home/sandeep/Documents/finpay/vendor/livewire/livewire/src/Features/SupportDisablingBackButtonCache/DisableBackButtonCacheMiddleware.php(19): Illuminate\\Pipeline\\Pipeline->Illuminate\\Pipeline\\{closure}()
#36 /home/sandeep/Documents/finpay/vendor/laravel/framework/src/Illuminate/Pipeline/Pipeline.php(219): Livewire\\Features\\SupportDisablingBackButtonCache\\DisableBackButtonCacheMiddleware->handle()
#37 /home/sandeep/Documents/finpay/app/Http/Middleware/SecurityHeaders.php(13): Illuminate\\Pipeline\\Pipeline->Illuminate\\Pipeline\\{closure}()
#38 /home/sandeep/Documents/finpay/vendor/laravel/framework/src/Illuminate/Pipeline/Pipeline.php(219): App\\Http\\Middleware\\SecurityHeaders->handle()
#39 /home/sandeep/Documents/finpay/vendor/laravel/framework/src/Illuminate/Foundation/Http/Middleware/TransformsRequest.php(21): Illuminate\\Pipeline\\Pipeline->Illuminate\\Pipeline\\{closure}()
#40 /home/sandeep/Documents/finpay/vendor/laravel/framework/src/Illuminate/Foundation/Http/Middleware/ConvertEmptyStringsToNull.php(31): Illuminate\\Foundation\\Http\\Middleware\\TransformsRequest->handle()
#41 /home/sandeep/Documents/finpay/vendor/laravel/framework/src/Illuminate/Pipeline/Pipeline.php(219): Illuminate\\Foundation\\Http\\Middleware\\ConvertEmptyStringsToNull->handle()
#42 /home/sandeep/Documents/finpay/vendor/laravel/framework/src/Illuminate/Foundation/Http/Middleware/TransformsRequest.php(21): Illuminate\\Pipeline\\Pipeline->Illuminate\\Pipeline\\{closure}()
#43 /home/sandeep/Documents/finpay/vendor/laravel/framework/src/Illuminate/Foundation/Http/Middleware/TrimStrings.php(51): Illuminate\\Foundation\\Http\\Middleware\\TransformsRequest->handle()
#44 /home/sandeep/Documents/finpay/vendor/laravel/framework/src/Illuminate/Pipeline/Pipeline.php(219): Illuminate\\Foundation\\Http\\Middleware\\TrimStrings->handle()
#45 /home/sandeep/Documents/finpay/vendor/laravel/framework/src/Illuminate/Http/Middleware/ValidatePostSize.php(27): Illuminate\\Pipeline\\Pipeline->Illuminate\\Pipeline\\{closure}()
#46 /home/sandeep/Documents/finpay/vendor/laravel/framework/src/Illuminate/Pipeline/Pipeline.php(219): Illuminate\\Http\\Middleware\\ValidatePostSize->handle()
#47 /home/sandeep/Documents/finpay/vendor/laravel/framework/src/Illuminate/Foundation/Http/Middleware/PreventRequestsDuringMaintenance.php(109): Illuminate\\Pipeline\\Pipeline->Illuminate\\Pipeline\\{closure}()
#48 /home/sandeep/Documents/finpay/vendor/laravel/framework/src/Illuminate/Pipeline/Pipeline.php(219): Illuminate\\Foundation\\Http\\Middleware\\PreventRequestsDuringMaintenance->handle()
#49 /home/sandeep/Documents/finpay/vendor/laravel/framework/src/Illuminate/Http/Middleware/HandleCors.php(61): Illuminate\\Pipeline\\Pipeline->Illuminate\\Pipeline\\{closure}()
#50 /home/sandeep/Documents/finpay/vendor/laravel/framework/src/Illuminate/Pipeline/Pipeline.php(219): Illuminate\\Http\\Middleware\\HandleCors->handle()
#51 /home/sandeep/Documents/finpay/vendor/laravel/framework/src/Illuminate/Http/Middleware/TrustProxies.php(58): Illuminate\\Pipeline\\Pipeline->Illuminate\\Pipeline\\{closure}()
#52 /home/sandeep/Documents/finpay/vendor/laravel/framework/src/Illuminate/Pipeline/Pipeline.php(219): Illuminate\\Http\\Middleware\\TrustProxies->handle()
#53 /home/sandeep/Documents/finpay/vendor/laravel/framework/src/Illuminate/Http/Middleware/TrustHosts.php(78): Illuminate\\Pipeline\\Pipeline->Illuminate\\Pipeline\\{closure}()
#54 /home/sandeep/Documents/finpay/vendor/laravel/framework/src/Illuminate/Pipeline/Pipeline.php(219): Illuminate\\Http\\Middleware\\TrustHosts->handle()
#55 /home/sandeep/Documents/finpay/vendor/laravel/framework/src/Illuminate/Foundation/Http/Middleware/InvokeDeferredCallbacks.php(22): Illuminate\\Pipeline\\Pipeline->Illuminate\\Pipeline\\{closure}()
#56 /home/sandeep/Documents/finpay/vendor/laravel/framework/src/Illuminate/Pipeline/Pipeline.php(219): Illuminate\\Foundation\\Http\\Middleware\\InvokeDeferredCallbacks->handle()
#57 /home/sandeep/Documents/finpay/vendor/laravel/framework/src/Illuminate/Http/Middleware/ValidatePathEncoding.php(26): Illuminate\\Pipeline\\Pipeline->Illuminate\\Pipeline\\{closure}()
#58 /home/sandeep/Documents/finpay/vendor/laravel/framework/src/Illuminate/Pipeline/Pipeline.php(219): Illuminate\\Http\\Middleware\\ValidatePathEncoding->handle()
#59 /home/sandeep/Documents/finpay/vendor/laravel/framework/src/Illuminate/Pipeline/Pipeline.php(137): Illuminate\\Pipeline\\Pipeline->Illuminate\\Pipeline\\{closure}()
#60 /home/sandeep/Documents/finpay/vendor/laravel/framework/src/Illuminate/Foundation/Http/Kernel.php(175): Illuminate\\Pipeline\\Pipeline->then()
#61 /home/sandeep/Documents/finpay/vendor/laravel/framework/src/Illuminate/Foundation/Http/Kernel.php(144): Illuminate\\Foundation\\Http\\Kernel->sendRequestThroughRouter()
#62 /home/sandeep/Documents/finpay/vendor/laravel/framework/src/Illuminate/Foundation/Application.php(1220): Illuminate\\Foundation\\Http\\Kernel->handle()
#63 /home/sandeep/Documents/finpay/public/index.php(19): Illuminate\\Foundation\\Application->handleRequest()
#64 /home/sandeep/Documents/finpay/vendor/laravel/framework/src/Illuminate/Foundation/resources/server.php(23): require_once('...')
#65 {main}

[previous exception] [object] (PDOException(code: 42S02): SQLSTATE[42S02]: Base table or view not found: 1146 Table 'finpay.cache' doesn't exist at /home/sandeep/Documents/finpay/vendor/laravel/framework/src/Illuminate/Database/Connection.php:420)
[stacktrace]
#0 /home/sandeep/Documents/finpay/vendor/laravel/framework/src/Illuminate/Database/Connection.php(420): PDO->prepare()
#1 /home/sandeep/Documents/finpay/vendor/laravel/framework/src/Illuminate/Database/Connection.php(827): Illuminate\\Database\\Connection->Illuminate\\Database\\{closure}()
#2 /home/sandeep/Documents/finpay/vendor/laravel/framework/src/Illuminate/Database/Connection.php(794): Illuminate\\Database\\Connection->runQueryCallback()
#3 /home/sandeep/Documents/finpay/vendor/laravel/framework/src/Illuminate/Database/Connection.php(411): Illuminate\\Database\\Connection->run()
#4 /home/sandeep/Documents/finpay/vendor/laravel/framework/src/Illuminate/Database/Query/Builder.php(3505): Illuminate\\Database\\Connection->select()
#5 /home/sandeep/Documents/finpay/vendor/laravel/framework/src/Illuminate/Database/Query/Builder.php(3490): Illuminate\\Database\\Query\\Builder->runSelect()
#6 /home/sandeep/Documents/finpay/vendor/laravel/framework/src/Illuminate/Database/Query/Builder.php(4080): Illuminate\\Database\\Query\\Builder->Illuminate\\Database\\Query\\{closure}()
#7 /home/sandeep/Documents/finpay/vendor/laravel/framework/src/Illuminate/Database/Query/Builder.php(3489): Illuminate\\Database\\Query\\Builder->onceWithColumns()
#8 /home/sandeep/Documents/finpay/vendor/laravel/framework/src/Illuminate/Cache/DatabaseStore.php(140): Illuminate\\Database\\Query\\Builder->get()
#9 /home/sandeep/Documents/finpay/vendor/laravel/framework/src/Illuminate/Cache/DatabaseStore.php(115): Illuminate\\Cache\\DatabaseStore->many()
#10 /home/sandeep/Documents/finpay/vendor/laravel/framework/src/Illuminate/Cache/Repository.php(125): Illuminate\\Cache\\DatabaseStore->get()
#11 /home/sandeep/Documents/finpay/vendor/laravel/framework/src/Illuminate/Cache/RateLimiter.php(206): Illuminate\\Cache\\Repository->get()
#12 /home/sandeep/Documents/finpay/vendor/laravel/framework/src/Illuminate/Cache/RateLimiter.php(300): Illuminate\\Cache\\RateLimiter->Illuminate\\Cache\\{closure}()
#13 /home/sandeep/Documents/finpay/vendor/laravel/framework/src/Illuminate/Cache/RateLimiter.php(206): Illuminate\\Cache\\RateLimiter->withoutSerializationOrCompression()
#14 /home/sandeep/Documents/finpay/vendor/laravel/framework/src/Illuminate/Cache/RateLimiter.php(129): Illuminate\\Cache\\RateLimiter->attempts()
#15 /home/sandeep/Documents/finpay/vendor/laravel/framework/src/Illuminate/Routing/Middleware/ThrottleRequests.php(157): Illuminate\\Cache\\RateLimiter->tooManyAttempts()
#16 /home/sandeep/Documents/finpay/vendor/laravel/framework/src/Illuminate/Routing/Middleware/ThrottleRequests.php(129): Illuminate\\Routing\\Middleware\\ThrottleRequests->handleRequest()
#17 /home/sandeep/Documents/finpay/vendor/laravel/framework/src/Illuminate/Routing/Middleware/ThrottleRequests.php(90): Illuminate\\Routing\\Middleware\\ThrottleRequests->handleRequestUsingNamedLimiter()
#18 /home/sandeep/Documents/finpay/vendor/laravel/framework/src/Illuminate/Pipeline/Pipeline.php(219): Illuminate\\Routing\\Middleware\\ThrottleRequests->handle()
#19 /home/sandeep/Documents/finpay/vendor/laravel/framework/src/Illuminate/Foundation/Http/Middleware/VerifyCsrfToken.php(87): Illuminate\\Pipeline\\Pipeline->Illuminate\\Pipeline\\{closure}()
#20 /home/sandeep/Documents/finpay/vendor/laravel/framework/src/Illuminate/Pipeline/Pipeline.php(219): Illuminate\\Foundation\\Http\\Middleware\\VerifyCsrfToken->handle()
#21 /home/sandeep/Documents/finpay/vendor/laravel/framework/src/Illuminate/View/Middleware/ShareErrorsFromSession.php(48): Illuminate\\Pipeline\\Pipeline->Illuminate\\Pipeline\\{closure}()
#22 /home/sandeep/Documents/finpay/vendor/laravel/framework/src/Illuminate/Pipeline/Pipeline.php(219): Illuminate\\View\\Middleware\\ShareErrorsFromSession->handle()
#23 /home/sandeep/Documents/finpay/vendor/laravel/framework/src/Illuminate/Session/Middleware/StartSession.php(120): Illuminate\\Pipeline\\Pipeline->Illuminate\\Pipeline\\{closure}()
#24 /home/sandeep/Documents/finpay/vendor/laravel/framework/src/Illuminate/Session/Middleware/StartSession.php(63): Illuminate\\Session\\Middleware\\StartSession->handleStatefulRequest()
#25 /home/sandeep/Documents/finpay/vendor/laravel/framework/src/Illuminate/Pipeline/Pipeline.php(219): Illuminate\\Session\\Middleware\\StartSession->handle()
#26 /home/sandeep/Documents/finpay/vendor/laravel/framework/src/Illuminate/Cookie/Middleware/AddQueuedCookiesToResponse.php(36): Illuminate\\Pipeline\\Pipeline->Illuminate\\Pipeline\\{closure}()
#27 /home/sandeep/Documents/finpay/vendor/laravel/framework/src/Illuminate/Pipeline/Pipeline.php(219): Illuminate\\Cookie\\Middleware\\AddQueuedCookiesToResponse->handle()
#28 /home/sandeep/Documents/finpay/vendor/laravel/framework/src/Illuminate/Cookie/Middleware/EncryptCookies.php(74): Illuminate\\Pipeline\\Pipeline->Illuminate\\Pipeline\\{closure}()
#29 /home/sandeep/Documents/finpay/vendor/laravel/framework/src/Illuminate/Pipeline/Pipeline.php(219): Illuminate\\Cookie\\Middleware\\EncryptCookies->handle()
#30 /home/sandeep/Documents/finpay/vendor/laravel/framework/src/Illuminate/Pipeline/Pipeline.php(137): Illuminate\\Pipeline\\Pipeline->Illuminate\\Pipeline\\{closure}()
#31 /home/sandeep/Documents/finpay/vendor/laravel/framework/src/Illuminate/Routing/Router.php(821): Illuminate\\Pipeline\\Pipeline->then()
#32 /home/sandeep/Documents/finpay/vendor/laravel/framework/src/Illuminate/Routing/Router.php(800): Illuminate\\Routing\\Router->runRouteWithinStack()
#33 /home/sandeep/Documents/finpay/vendor/laravel/framework/src/Illuminate/Routing/Router.php(764): Illuminate\\Routing\\Router->runRoute()
#34 /home/sandeep/Documents/finpay/vendor/laravel/framework/src/Illuminate/Routing/Router.php(753): Illuminate\\Routing\\Router->dispatchToRoute()
#35 /home/sandeep/Documents/finpay/vendor/laravel/framework/src/Illuminate/Foundation/Http/Kernel.php(200): Illuminate\\Routing\\Router->dispatch()
#36 /home/sandeep/Documents/finpay/vendor/laravel/framework/src/Illuminate/Pipeline/Pipeline.php(180): Illuminate\\Foundation\\Http\\Kernel->Illuminate\\Foundation\\Http\\{closure}()
#37 /home/sandeep/Documents/finpay/vendor/livewire/livewire/src/Features/SupportDisablingBackButtonCache/DisableBackButtonCacheMiddleware.php(19): Illuminate\\Pipeline\\Pipeline->Illuminate\\Pipeline\\{closure}()
#38 /home/sandeep/Documents/finpay/vendor/laravel/framework/src/Illuminate/Pipeline/Pipeline.php(219): Livewire\\Features\\SupportDisablingBackButtonCache\\DisableBackButtonCacheMiddleware->handle()
#39 /home/sandeep/Documents/finpay/app/Http/Middleware/SecurityHeaders.php(13): Illuminate\\Pipeline\\Pipeline->Illuminate\\Pipeline\\{closure}()
#40 /home/sandeep/Documents/finpay/vendor/laravel/framework/src/Illuminate/Pipeline/Pipeline.php(219): App\\Http\\Middleware\\SecurityHeaders->handle()
#41 /home/sandeep/Documents/finpay/vendor/laravel/framework/src/Illuminate/Foundation/Http/Middleware/TransformsRequest.php(21): Illuminate\\Pipeline\\Pipeline->Illuminate\\Pipeline\\{closure}()
#42 /home/sandeep/Documents/finpay/vendor/laravel/framework/src/Illuminate/Foundation/Http/Middleware/ConvertEmptyStringsToNull.php(31): Illuminate\\Foundation\\Http\\Middleware\\TransformsRequest->handle()
#43 /home/sandeep/Documents/finpay/vendor/laravel/framework/src/Illuminate/Pipeline/Pipeline.php(219): Illuminate\\Foundation\\Http\\Middleware\\ConvertEmptyStringsToNull->handle()
#44 /home/sandeep/Documents/finpay/vendor/laravel/framework/src/Illuminate/Foundation/Http/Middleware/TransformsRequest.php(21): Illuminate\\Pipeline\\Pipeline->Illuminate\\Pipeline\\{closure}()
#45 /home/sandeep/Documents/finpay/vendor/laravel/framework/src/Illuminate/Foundation/Http/Middleware/TrimStrings.php(51): Illuminate\\Foundation\\Http\\Middleware\\TransformsRequest->handle()
#46 /home/sandeep/Documents/finpay/vendor/laravel/framework/src/Illuminate/Pipeline/Pipeline.php(219): Illuminate\\Foundation\\Http\\Middleware\\TrimStrings->handle()
#47 /home/sandeep/Documents/finpay/vendor/laravel/framework/src/Illuminate/Http/Middleware/ValidatePostSize.php(27): Illuminate\\Pipeline\\Pipeline->Illuminate\\Pipeline\\{closure}()
#48 /home/sandeep/Documents/finpay/vendor/laravel/framework/src/Illuminate/Pipeline/Pipeline.php(219): Illuminate\\Http\\Middleware\\ValidatePostSize->handle()
#49 /home/sandeep/Documents/finpay/vendor/laravel/framework/src/Illuminate/Foundation/Http/Middleware/PreventRequestsDuringMaintenance.php(109): Illuminate\\Pipeline\\Pipeline->Illuminate\\Pipeline\\{closure}()
#50 /home/sandeep/Documents/finpay/vendor/laravel/framework/src/Illuminate/Pipeline/Pipeline.php(219): Illuminate\\Foundation\\Http\\Middleware\\PreventRequestsDuringMaintenance->handle()
#51 /home/sandeep/Documents/finpay/vendor/laravel/framework/src/Illuminate/Http/Middleware/HandleCors.php(61): Illuminate\\Pipeline\\Pipeline->Illuminate\\Pipeline\\{closure}()
#52 /home/sandeep/Documents/finpay/vendor/laravel/framework/src/Illuminate/Pipeline/Pipeline.php(219): Illuminate\\Http\\Middleware\\HandleCors->handle()
#53 /home/sandeep/Documents/finpay/vendor/laravel/framework/src/Illuminate/Http/Middleware/TrustProxies.php(58): Illuminate\\Pipeline\\Pipeline->Illuminate\\Pipeline\\{closure}()
#54 /home/sandeep/Documents/finpay/vendor/laravel/framework/src/Illuminate/Pipeline/Pipeline.php(219): Illuminate\\Http\\Middleware\\TrustProxies->handle()
#55 /home/sandeep/Documents/finpay/vendor/laravel/framework/src/Illuminate/Http/Middleware/TrustHosts.php(78): Illuminate\\Pipeline\\Pipeline->Illuminate\\Pipeline\\{closure}()
#56 /home/sandeep/Documents/finpay/vendor/laravel/framework/src/Illuminate/Pipeline/Pipeline.php(219): Illuminate\\Http\\Middleware\\TrustHosts->handle()
#57 /home/sandeep/Documents/finpay/vendor/laravel/framework/src/Illuminate/Foundation/Http/Middleware/InvokeDeferredCallbacks.php(22): Illuminate\\Pipeline\\Pipeline->Illuminate\\Pipeline\\{closure}()
#58 /home/sandeep/Documents/finpay/vendor/laravel/framework/src/Illuminate/Pipeline/Pipeline.php(219): Illuminate\\Foundation\\Http\\Middleware\\InvokeDeferredCallbacks->handle()
#59 /home/sandeep/Documents/finpay/vendor/laravel/framework/src/Illuminate/Http/Middleware/ValidatePathEncoding.php(26): Illuminate\\Pipeline\\Pipeline->Illuminate\\Pipeline\\{closure}()
#60 /home/sandeep/Documents/finpay/vendor/laravel/framework/src/Illuminate/Pipeline/Pipeline.php(219): Illuminate\\Http\\Middleware\\ValidatePathEncoding->handle()
#61 /home/sandeep/Documents/finpay/vendor/laravel/framework/src/Illuminate/Pipeline/Pipeline.php(137): Illuminate\\Pipeline\\Pipeline->Illuminate\\Pipeline\\{closure}()
#62 /home/sandeep/Documents/finpay/vendor/laravel/framework/src/Illuminate/Foundation/Http/Kernel.php(175): Illuminate\\Pipeline\\Pipeline->then()
#63 /home/sandeep/Documents/finpay/vendor/laravel/framework/src/Illuminate/Foundation/Http/Kernel.php(144): Illuminate\\Foundation\\Http\\Kernel->sendRequestThroughRouter()
#64 /home/sandeep/Documents/finpay/vendor/laravel/framework/src/Illuminate/Foundation/Application.php(1220): Illuminate\\Foundation\\Http\\Kernel->handle()
#65 /home/sandeep/Documents/finpay/public/index.php(19): Illuminate\\Foundation\\Application->handleRequest()
#66 /home/sandeep/Documents/finpay/vendor/laravel/framework/src/Illuminate/Foundation/resources/server.php(23): require_once('...')
#67 {main}
"} 
